mode: set
github.com/jailtonjunior94/financialcontrol-api/internal/modules/finance/infrastructure/http/error_mapping.go:14.37,15.9 1 1
github.com/jailtonjunior94/financialcontrol-api/internal/modules/finance/infrastructure/http/error_mapping.go:29.44,30.75 1 1
github.com/jailtonjunior94/financialcontrol-api/internal/modules/finance/infrastructure/http/error_mapping.go:38.49,39.73 1 1
github.com/jailtonjunior94/financialcontrol-api/internal/modules/finance/infrastructure/http/error_mapping.go:51.46,52.84 1 1
github.com/jailtonjunior94/financialcontrol-api/internal/modules/finance/infrastructure/http/error_mapping.go:60.49,61.73 1 1
github.com/jailtonjunior94/financialcontrol-api/internal/modules/finance/infrastructure/http/error_mapping.go:64.10,66.89 2 1
github.com/jailtonjunior94/financialcontrol-api/internal/modules/finance/infrastructure/http/error_mapping.go:71.41,88.30 2 1
github.com/jailtonjunior94/financialcontrol-api/internal/modules/finance/infrastructure/http/error_mapping.go:88.30,89.24 1 1
github.com/jailtonjunior94/financialcontrol-api/internal/modules/finance/infrastructure/http/error_mapping.go:89.24,91.4 1 1
github.com/jailtonjunior94/financialcontrol-api/internal/modules/finance/infrastructure/http/error_mapping.go:93.2,93.20 1 0
github.com/jailtonjunior94/financialcontrol-api/internal/modules/finance/application/dtos/invoice.go:17.45,18.63 1 0
github.com/jailtonjunior94/financialcontrol-api/internal/modules/finance/application/dtos/invoice.go:18.63,20.3 1 0
github.com/jailtonjunior94/financialcontrol-api/internal/modules/finance/application/dtos/invoice.go:21.2,21.12 1 0
github.com/jailtonjunior94/financialcontrol-api/internal/modules/finance/application/dtos/transaction.go:23.52,24.64 1 0
github.com/jailtonjunior94/financialcontrol-api/internal/modules/finance/application/dtos/transaction.go:24.64,26.3 1 0
github.com/jailtonjunior94/financialcontrol-api/internal/modules/finance/application/dtos/transaction.go:27.2,27.12 1 0
github.com/jailtonjunior94/financialcontrol-api/internal/modules/finance/application/dtos/transaction.go:44.52,45.64 1 0
github.com/jailtonjunior94/financialcontrol-api/internal/modules/finance/application/dtos/transaction.go:45.64,47.3 1 0
github.com/jailtonjunior94/financialcontrol-api/internal/modules/finance/application/dtos/transaction.go:48.2,48.12 1 0
github.com/jailtonjunior94/financialcontrol-api/internal/modules/finance/module.go:52.35,93.2 19 0
github.com/jailtonjunior94/financialcontrol-api/internal/modules/finance/module.go:96.74,98.2 1 0
github.com/jailtonjunior94/financialcontrol-api/internal/modules/finance/application/usecase/mocks/anticipate_installment.go:22.75,24.2 1 0
github.com/jailtonjunior94/financialcontrol-api/internal/modules/finance/application/usecase/mocks/anticipate_installment.go:26.180,30.145 4 0
github.com/jailtonjunior94/financialcontrol-api/internal/modules/finance/application/usecase/mocks/anticipate_installment.go:30.145,32.3 1 0
github.com/jailtonjunior94/financialcontrol-api/internal/modules/finance/application/usecase/mocks/anticipate_installment.go:33.2,33.136 1 0
github.com/jailtonjunior94/financialcontrol-api/internal/modules/finance/application/usecase/mocks/anticipate_installment.go:33.136,35.3 1 0
github.com/jailtonjunior94/financialcontrol-api/internal/modules/finance/application/usecase/mocks/anticipate_installment.go:35.8,37.3 1 0
github.com/jailtonjunior94/financialcontrol-api/internal/modules/finance/application/usecase/mocks/anticipate_installment.go:38.2,38.117 1 0
github.com/jailtonjunior94/financialcontrol-api/internal/modules/finance/application/usecase/mocks/anticipate_installment.go:38.117,40.3 1 0
github.com/jailtonjunior94/financialcontrol-api/internal/modules/finance/application/usecase/mocks/anticipate_installment.go:40.8,42.3 1 0
github.com/jailtonjunior94/financialcontrol-api/internal/modules/finance/application/usecase/mocks/anticipate_installment.go:43.2,43.15 1 0
github.com/jailtonjunior94/financialcontrol-api/internal/modules/finance/application/usecase/mocks/anticipate_installment.go:48.133,50.2 1 0
github.com/jailtonjunior94/financialcontrol-api/internal/modules/finance/application/usecase/mocks/anticipate_installment.go:52.129,55.2 2 0
github.com/jailtonjunior94/financialcontrol-api/internal/modules/finance/application/usecase/mocks/anticipate_installment.go:57.214,60.2 2 0
github.com/jailtonjunior94/financialcontrol-api/internal/modules/finance/application/usecase/mocks/anticipate_installment.go:65.27,68.19 3 0
github.com/jailtonjunior94/financialcontrol-api/internal/modules/finance/application/usecase/mocks/anticipate_installment.go:68.19,68.49 1 0
github.com/jailtonjunior94/financialcontrol-api/internal/modules/finance/application/usecase/mocks/anticipate_installment.go:69.2,69.13 1 0
github.com/jailtonjunior94/financialcontrol-api/internal/modules/finance/application/usecase/mocks/create_transaction.go:22.67,24.2 1 0
github.com/jailtonjunior94/financialcontrol-api/internal/modules/finance/application/usecase/mocks/create_transaction.go:26.178,30.158 4 0
github.com/jailtonjunior94/financialcontrol-api/internal/modules/finance/application/usecase/mocks/create_transaction.go:30.158,32.3 1 0
github.com/jailtonjunior94/financialcontrol-api/internal/modules/finance/application/usecase/mocks/create_transaction.go:33.2,33.149 1 0
github.com/jailtonjunior94/financialcontrol-api/internal/modules/finance/application/usecase/mocks/create_transaction.go:33.149,35.3 1 0
github.com/jailtonjunior94/financialcontrol-api/internal/modules/finance/application/usecase/mocks/create_transaction.go:35.8,37.3 1 0
github.com/jailtonjunior94/financialcontrol-api/internal/modules/finance/application/usecase/mocks/create_transaction.go:38.2,38.130 1 0
github.com/jailtonjunior94/financialcontrol-api/internal/modules/finance/application/usecase/mocks/create_transaction.go:38.130,40.3 1 0
github.com/jailtonjunior94/financialcontrol-api/internal/modules/finance/application/usecase/mocks/create_transaction.go:40.8,42.3 1 0
github.com/jailtonjunior94/financialcontrol-api/internal/modules/finance/application/usecase/mocks/create_transaction.go:43.2,43.15 1 0
github.com/jailtonjunior94/financialcontrol-api/internal/modules/finance/application/usecase/mocks/create_transaction.go:48.114,50.2 1 0
github.com/jailtonjunior94/financialcontrol-api/internal/modules/finance/application/usecase/mocks/create_transaction.go:52.121,55.2 2 0
github.com/jailtonjunior94/financialcontrol-api/internal/modules/finance/application/usecase/mocks/create_transaction.go:57.219,60.2 2 0
github.com/jailtonjunior94/financialcontrol-api/internal/modules/finance/application/usecase/mocks/create_transaction.go:65.23,68.19 3 0
github.com/jailtonjunior94/financialcontrol-api/internal/modules/finance/application/usecase/mocks/create_transaction.go:68.19,68.49 1 0
github.com/jailtonjunior94/financialcontrol-api/internal/modules/finance/application/usecase/mocks/create_transaction.go:69.2,69.13 1 0
github.com/jailtonjunior94/financialcontrol-api/internal/modules/finance/application/usecase/mocks/delete_transaction.go:21.67,23.2 1 0
github.com/jailtonjunior94/financialcontrol-api/internal/modules/finance/application/usecase/mocks/delete_transaction.go:25.115,27.98 2 0
github.com/jailtonjunior94/financialcontrol-api/internal/modules/finance/application/usecase/mocks/delete_transaction.go:27.98,29.3 1 0
github.com/jailtonjunior94/financialcontrol-api/internal/modules/finance/application/usecase/mocks/delete_transaction.go:30.2,30.21 1 0
github.com/jailtonjunior94/financialcontrol-api/internal/modules/finance/application/usecase/mocks/delete_transaction.go:35.110,37.2 1 0
github.com/jailtonjunior94/financialcontrol-api/internal/modules/finance/application/usecase/mocks/delete_transaction.go:39.93,42.2 2 0
github.com/jailtonjunior94/financialcontrol-api/internal/modules/finance/application/usecase/mocks/delete_transaction.go:44.159,47.2 2 0
github.com/jailtonjunior94/financialcontrol-api/internal/modules/finance/application/usecase/mocks/delete_transaction.go:52.23,55.19 3 0
github.com/jailtonjunior94/financialcontrol-api/internal/modules/finance/application/usecase/mocks/delete_transaction.go:55.19,55.49 1 0
github.com/jailtonjunior94/financialcontrol-api/internal/modules/finance/application/usecase/mocks/delete_transaction.go:56.2,56.13 1 0
github.com/jailtonjunior94/financialcontrol-api/internal/modules/finance/application/usecase/mocks/get_invoice.go:22.53,24.2 1 0
github.com/jailtonjunior94/financialcontrol-api/internal/modules/finance/application/usecase/mocks/get_invoice.go:26.139,30.124 4 0
github.com/jailtonjunior94/financialcontrol-api/internal/modules/finance/application/usecase/mocks/get_invoice.go:30.124,32.3 1 0
github.com/jailtonjunior94/financialcontrol-api/internal/modules/finance/application/usecase/mocks/get_invoice.go:33.2,33.115 1 0
github.com/jailtonjunior94/financialcontrol-api/internal/modules/finance/application/usecase/mocks/get_invoice.go:33.115,35.3 1 0
github.com/jailtonjunior94/financialcontrol-api/internal/modules/finance/application/usecase/mocks/get_invoice.go:35.8,37.3 1 0
github.com/jailtonjunior94/financialcontrol-api/internal/modules/finance/application/usecase/mocks/get_invoice.go:38.2,38.94 1 0
github.com/jailtonjunior94/financialcontrol-api/internal/modules/finance/application/usecase/mocks/get_invoice.go:38.94,40.3 1 0
github.com/jailtonjunior94/financialcontrol-api/internal/modules/finance/application/usecase/mocks/get_invoice.go:40.8,42.3 1 0
github.com/jailtonjunior94/financialcontrol-api/internal/modules/finance/application/usecase/mocks/get_invoice.go:43.2,43.15 1 0
github.com/jailtonjunior94/financialcontrol-api/internal/modules/finance/application/usecase/mocks/get_invoice.go:48.101,50.2 1 0
github.com/jailtonjunior94/financialcontrol-api/internal/modules/finance/application/usecase/mocks/get_invoice.go:52.109,55.2 2 0
github.com/jailtonjunior94/financialcontrol-api/internal/modules/finance/application/usecase/mocks/get_invoice.go:57.171,60.2 2 0
github.com/jailtonjunior94/financialcontrol-api/internal/modules/finance/application/usecase/mocks/get_invoice.go:65.16,68.19 3 0
github.com/jailtonjunior94/financialcontrol-api/internal/modules/finance/application/usecase/mocks/get_invoice.go:68.19,68.49 1 0
github.com/jailtonjunior94/financialcontrol-api/internal/modules/finance/application/usecase/mocks/get_invoice.go:69.2,69.13 1 0
github.com/jailtonjunior94/financialcontrol-api/internal/modules/finance/application/usecase/mocks/get_transaction.go:22.61,24.2 1 0
github.com/jailtonjunior94/financialcontrol-api/internal/modules/finance/application/usecase/mocks/get_transaction.go:26.140,30.126 4 0
github.com/jailtonjunior94/financialcontrol-api/internal/modules/finance/application/usecase/mocks/get_transaction.go:30.126,32.3 1 0
github.com/jailtonjunior94/financialcontrol-api/internal/modules/finance/application/usecase/mocks/get_transaction.go:33.2,33.117 1 0
github.com/jailtonjunior94/financialcontrol-api/internal/modules/finance/application/usecase/mocks/get_transaction.go:33.117,35.3 1 0
github.com/jailtonjunior94/financialcontrol-api/internal/modules/finance/application/usecase/mocks/get_transaction.go:35.8,37.3 1 0
github.com/jailtonjunior94/financialcontrol-api/internal/modules/finance/application/usecase/mocks/get_transaction.go:38.2,38.98 1 0
github.com/jailtonjunior94/financialcontrol-api/internal/modules/finance/application/usecase/mocks/get_transaction.go:38.98,40.3 1 0
github.com/jailtonjunior94/financialcontrol-api/internal/modules/finance/application/usecase/mocks/get_transaction.go:40.8,42.3 1 0
github.com/jailtonjunior94/financialcontrol-api/internal/modules/finance/application/usecase/mocks/get_transaction.go:43.2,43.15 1 0
github.com/jailtonjunior94/financialcontrol-api/internal/modules/finance/application/usecase/mocks/get_transaction.go:48.104,50.2 1 0
github.com/jailtonjunior94/financialcontrol-api/internal/modules/finance/application/usecase/mocks/get_transaction.go:52.115,55.2 2 0
github.com/jailtonjunior94/financialcontrol-api/internal/modules/finance/application/usecase/mocks/get_transaction.go:57.181,60.2 2 0
github.com/jailtonjunior94/financialcontrol-api/internal/modules/finance/application/usecase/mocks/get_transaction.go:65.20,68.19 3 0
github.com/jailtonjunior94/financialcontrol-api/internal/modules/finance/application/usecase/mocks/get_transaction.go:68.19,68.49 1 0
github.com/jailtonjunior94/financialcontrol-api/internal/modules/finance/application/usecase/mocks/get_transaction.go:69.2,69.13 1 0
github.com/jailtonjunior94/financialcontrol-api/internal/modules/finance/application/usecase/mocks/list_invoices.go:22.57,24.2 1 0
github.com/jailtonjunior94/financialcontrol-api/internal/modules/finance/application/usecase/mocks/list_invoices.go:26.159,30.150 4 0
github.com/jailtonjunior94/financialcontrol-api/internal/modules/finance/application/usecase/mocks/list_invoices.go:30.150,32.3 1 0
github.com/jailtonjunior94/financialcontrol-api/internal/modules/finance/application/usecase/mocks/list_invoices.go:33.2,33.141 1 0
github.com/jailtonjunior94/financialcontrol-api/internal/modules/finance/application/usecase/mocks/list_invoices.go:33.141,35.3 1 0
github.com/jailtonjunior94/financialcontrol-api/internal/modules/finance/application/usecase/mocks/list_invoices.go:35.8,37.3 1 0
github.com/jailtonjunior94/financialcontrol-api/internal/modules/finance/application/usecase/mocks/list_invoices.go:38.2,38.102 1 0
github.com/jailtonjunior94/financialcontrol-api/internal/modules/finance/application/usecase/mocks/list_invoices.go:38.102,40.3 1 0
github.com/jailtonjunior94/financialcontrol-api/internal/modules/finance/application/usecase/mocks/list_invoices.go:40.8,42.3 1 0
github.com/jailtonjunior94/financialcontrol-api/internal/modules/finance/application/usecase/mocks/list_invoices.go:43.2,43.15 1 0
github.com/jailtonjunior94/financialcontrol-api/internal/modules/finance/application/usecase/mocks/list_invoices.go:48.97,50.2 1 0
github.com/jailtonjunior94/financialcontrol-api/internal/modules/finance/application/usecase/mocks/list_invoices.go:52.131,55.2 2 0
github.com/jailtonjunior94/financialcontrol-api/internal/modules/finance/application/usecase/mocks/list_invoices.go:57.201,60.2 2 0
github.com/jailtonjunior94/financialcontrol-api/internal/modules/finance/application/usecase/mocks/list_invoices.go:65.18,68.19 3 0
github.com/jailtonjunior94/financialcontrol-api/internal/modules/finance/application/usecase/mocks/list_invoices.go:68.19,68.49 1 0
github.com/jailtonjunior94/financialcontrol-api/internal/modules/finance/application/usecase/mocks/list_invoices.go:69.2,69.13 1 0
github.com/jailtonjunior94/financialcontrol-api/internal/modules/finance/application/usecase/mocks/list_transactions.go:22.65,24.2 1 0
github.com/jailtonjunior94/financialcontrol-api/internal/modules/finance/application/usecase/mocks/list_transactions.go:26.171,30.158 4 0
github.com/jailtonjunior94/financialcontrol-api/internal/modules/finance/application/usecase/mocks/list_transactions.go:30.158,32.3 1 0
github.com/jailtonjunior94/financialcontrol-api/internal/modules/finance/application/usecase/mocks/list_transactions.go:33.2,33.149 1 0
github.com/jailtonjunior94/financialcontrol-api/internal/modules/finance/application/usecase/mocks/list_transactions.go:33.149,35.3 1 0
github.com/jailtonjunior94/financialcontrol-api/internal/modules/finance/application/usecase/mocks/list_transactions.go:35.8,37.3 1 0
github.com/jailtonjunior94/financialcontrol-api/internal/modules/finance/application/usecase/mocks/list_transactions.go:38.2,38.106 1 0
github.com/jailtonjunior94/financialcontrol-api/internal/modules/finance/application/usecase/mocks/list_transactions.go:38.106,40.3 1 0
github.com/jailtonjunior94/financialcontrol-api/internal/modules/finance/application/usecase/mocks/list_transactions.go:40.8,42.3 1 0
github.com/jailtonjunior94/financialcontrol-api/internal/modules/finance/application/usecase/mocks/list_transactions.go:43.2,43.15 1 0
github.com/jailtonjunior94/financialcontrol-api/internal/modules/finance/application/usecase/mocks/list_transactions.go:48.105,50.2 1 0
github.com/jailtonjunior94/financialcontrol-api/internal/modules/finance/application/usecase/mocks/list_transactions.go:52.143,55.2 2 0
github.com/jailtonjunior94/financialcontrol-api/internal/modules/finance/application/usecase/mocks/list_transactions.go:57.217,60.2 2 0
github.com/jailtonjunior94/financialcontrol-api/internal/modules/finance/application/usecase/mocks/list_transactions.go:65.22,68.19 3 0
github.com/jailtonjunior94/financialcontrol-api/internal/modules/finance/application/usecase/mocks/list_transactions.go:68.19,68.49 1 0
github.com/jailtonjunior94/financialcontrol-api/internal/modules/finance/application/usecase/mocks/list_transactions.go:69.2,69.13 1 0
github.com/jailtonjunior94/financialcontrol-api/internal/modules/finance/application/usecase/mocks/monthly_summary.go:22.61,24.2 1 0
github.com/jailtonjunior94/financialcontrol-api/internal/modules/finance/application/usecase/mocks/monthly_summary.go:26.138,30.122 4 0
github.com/jailtonjunior94/financialcontrol-api/internal/modules/finance/application/usecase/mocks/monthly_summary.go:30.122,32.3 1 0
github.com/jailtonjunior94/financialcontrol-api/internal/modules/finance/application/usecase/mocks/monthly_summary.go:33.2,33.113 1 0
github.com/jailtonjunior94/financialcontrol-api/internal/modules/finance/application/usecase/mocks/monthly_summary.go:33.113,35.3 1 0
github.com/jailtonjunior94/financialcontrol-api/internal/modules/finance/application/usecase/mocks/monthly_summary.go:35.8,37.3 1 0
github.com/jailtonjunior94/financialcontrol-api/internal/modules/finance/application/usecase/mocks/monthly_summary.go:38.2,38.91 1 0
github.com/jailtonjunior94/financialcontrol-api/internal/modules/finance/application/usecase/mocks/monthly_summary.go:38.91,40.3 1 0
github.com/jailtonjunior94/financialcontrol-api/internal/modules/finance/application/usecase/mocks/monthly_summary.go:40.8,42.3 1 0
github.com/jailtonjunior94/financialcontrol-api/internal/modules/finance/application/usecase/mocks/monthly_summary.go:43.2,43.15 1 0
github.com/jailtonjunior94/financialcontrol-api/internal/modules/finance/application/usecase/mocks/monthly_summary.go:48.106,50.2 1 0
github.com/jailtonjunior94/financialcontrol-api/internal/modules/finance/application/usecase/mocks/monthly_summary.go:52.118,55.2 2 0
github.com/jailtonjunior94/financialcontrol-api/internal/modules/finance/application/usecase/mocks/monthly_summary.go:57.177,60.2 2 0
github.com/jailtonjunior94/financialcontrol-api/internal/modules/finance/application/usecase/mocks/monthly_summary.go:65.20,68.19 3 0
github.com/jailtonjunior94/financialcontrol-api/internal/modules/finance/application/usecase/mocks/monthly_summary.go:68.19,68.49 1 0
github.com/jailtonjunior94/financialcontrol-api/internal/modules/finance/application/usecase/mocks/monthly_summary.go:69.2,69.13 1 0
github.com/jailtonjunior94/financialcontrol-api/internal/modules/finance/application/usecase/mocks/pay_invoice.go:22.53,24.2 1 0
github.com/jailtonjunior94/financialcontrol-api/internal/modules/finance/application/usecase/mocks/pay_invoice.go:26.161,30.142 4 0
github.com/jailtonjunior94/financialcontrol-api/internal/modules/finance/application/usecase/mocks/pay_invoice.go:30.142,32.3 1 0
github.com/jailtonjunior94/financialcontrol-api/internal/modules/finance/application/usecase/mocks/pay_invoice.go:33.2,33.133 1 0
github.com/jailtonjunior94/financialcontrol-api/internal/modules/finance/application/usecase/mocks/pay_invoice.go:33.133,35.3 1 0
github.com/jailtonjunior94/financialcontrol-api/internal/modules/finance/application/usecase/mocks/pay_invoice.go:35.8,37.3 1 0
github.com/jailtonjunior94/financialcontrol-api/internal/modules/finance/application/usecase/mocks/pay_invoice.go:38.2,38.118 1 0
github.com/jailtonjunior94/financialcontrol-api/internal/modules/finance/application/usecase/mocks/pay_invoice.go:38.118,40.3 1 0
github.com/jailtonjunior94/financialcontrol-api/internal/modules/finance/application/usecase/mocks/pay_invoice.go:40.8,42.3 1 0
github.com/jailtonjunior94/financialcontrol-api/internal/modules/finance/application/usecase/mocks/pay_invoice.go:43.2,43.15 1 0
github.com/jailtonjunior94/financialcontrol-api/internal/modules/finance/application/usecase/mocks/pay_invoice.go:48.106,50.2 1 0
github.com/jailtonjunior94/financialcontrol-api/internal/modules/finance/application/usecase/mocks/pay_invoice.go:52.103,55.2 2 0
github.com/jailtonjunior94/financialcontrol-api/internal/modules/finance/application/usecase/mocks/pay_invoice.go:57.189,60.2 2 0
github.com/jailtonjunior94/financialcontrol-api/internal/modules/finance/application/usecase/mocks/pay_invoice.go:65.16,68.19 3 0
github.com/jailtonjunior94/financialcontrol-api/internal/modules/finance/application/usecase/mocks/pay_invoice.go:68.19,68.49 1 0
github.com/jailtonjunior94/financialcontrol-api/internal/modules/finance/application/usecase/mocks/pay_invoice.go:69.2,69.13 1 0
github.com/jailtonjunior94/financialcontrol-api/internal/modules/finance/application/usecase/mocks/refund_transaction.go:22.67,24.2 1 0
github.com/jailtonjunior94/financialcontrol-api/internal/modules/finance/application/usecase/mocks/refund_transaction.go:26.178,30.157 4 0
github.com/jailtonjunior94/financialcontrol-api/internal/modules/finance/application/usecase/mocks/refund_transaction.go:30.157,32.3 1 0
github.com/jailtonjunior94/financialcontrol-api/internal/modules/finance/application/usecase/mocks/refund_transaction.go:33.2,33.148 1 0
github.com/jailtonjunior94/financialcontrol-api/internal/modules/finance/application/usecase/mocks/refund_transaction.go:33.148,35.3 1 0
github.com/jailtonjunior94/financialcontrol-api/internal/modules/finance/application/usecase/mocks/refund_transaction.go:35.8,37.3 1 0
github.com/jailtonjunior94/financialcontrol-api/internal/modules/finance/application/usecase/mocks/refund_transaction.go:38.2,38.129 1 0
github.com/jailtonjunior94/financialcontrol-api/internal/modules/finance/application/usecase/mocks/refund_transaction.go:38.129,40.3 1 0
github.com/jailtonjunior94/financialcontrol-api/internal/modules/finance/application/usecase/mocks/refund_transaction.go:40.8,42.3 1 0
github.com/jailtonjunior94/financialcontrol-api/internal/modules/finance/application/usecase/mocks/refund_transaction.go:43.2,43.15 1 0
github.com/jailtonjunior94/financialcontrol-api/internal/modules/finance/application/usecase/mocks/refund_transaction.go:48.115,50.2 1 0
github.com/jailtonjunior94/financialcontrol-api/internal/modules/finance/application/usecase/mocks/refund_transaction.go:52.121,55.2 2 0
github.com/jailtonjunior94/financialcontrol-api/internal/modules/finance/application/usecase/mocks/refund_transaction.go:57.218,60.2 2 0
github.com/jailtonjunior94/financialcontrol-api/internal/modules/finance/application/usecase/mocks/refund_transaction.go:65.23,68.19 3 0
github.com/jailtonjunior94/financialcontrol-api/internal/modules/finance/application/usecase/mocks/refund_transaction.go:68.19,68.49 1 0
github.com/jailtonjunior94/financialcontrol-api/internal/modules/finance/application/usecase/mocks/refund_transaction.go:69.2,69.13 1 0
github.com/jailtonjunior94/financialcontrol-api/internal/modules/finance/application/usecase/mocks/update_transaction.go:22.67,24.2 1 0
github.com/jailtonjunior94/financialcontrol-api/internal/modules/finance/application/usecase/mocks/update_transaction.go:26.178,30.157 4 0
github.com/jailtonjunior94/financialcontrol-api/internal/modules/finance/application/usecase/mocks/update_transaction.go:30.157,32.3 1 0
github.com/jailtonjunior94/financialcontrol-api/internal/modules/finance/application/usecase/mocks/update_transaction.go:33.2,33.148 1 0
github.com/jailtonjunior94/financialcontrol-api/internal/modules/finance/application/usecase/mocks/update_transaction.go:33.148,35.3 1 0
github.com/jailtonjunior94/financialcontrol-api/internal/modules/finance/application/usecase/mocks/update_transaction.go:35.8,37.3 1 0
github.com/jailtonjunior94/financialcontrol-api/internal/modules/finance/application/usecase/mocks/update_transaction.go:38.2,38.129 1 0
github.com/jailtonjunior94/financialcontrol-api/internal/modules/finance/application/usecase/mocks/update_transaction.go:38.129,40.3 1 0
github.com/jailtonjunior94/financialcontrol-api/internal/modules/finance/application/usecase/mocks/update_transaction.go:40.8,42.3 1 0
github.com/jailtonjunior94/financialcontrol-api/internal/modules/finance/application/usecase/mocks/update_transaction.go:43.2,43.15 1 0
github.com/jailtonjunior94/financialcontrol-api/internal/modules/finance/application/usecase/mocks/update_transaction.go:48.115,50.2 1 0
github.com/jailtonjunior94/financialcontrol-api/internal/modules/finance/application/usecase/mocks/update_transaction.go:52.121,55.2 2 0
github.com/jailtonjunior94/financialcontrol-api/internal/modules/finance/application/usecase/mocks/update_transaction.go:57.218,60.2 2 0
github.com/jailtonjunior94/financialcontrol-api/internal/modules/finance/application/usecase/mocks/update_transaction.go:65.23,68.19 3 0
github.com/jailtonjunior94/financialcontrol-api/internal/modules/finance/application/usecase/mocks/update_transaction.go:68.19,68.49 1 0
github.com/jailtonjunior94/financialcontrol-api/internal/modules/finance/application/usecase/mocks/update_transaction.go:69.2,69.13 1 0
github.com/jailtonjunior94/financialcontrol-api/internal/modules/finance/domain/ports/mocks/card_provider.go:24.57,26.2 1 0
github.com/jailtonjunior94/financialcontrol-api/internal/modules/finance/domain/ports/mocks/card_provider.go:28.129,30.19 2 0
github.com/jailtonjunior94/financialcontrol-api/internal/modules/finance/domain/ports/mocks/card_provider.go:30.19,31.49 1 0
github.com/jailtonjunior94/financialcontrol-api/internal/modules/finance/domain/ports/mocks/card_provider.go:33.2,35.115 3 0
github.com/jailtonjunior94/financialcontrol-api/internal/modules/finance/domain/ports/mocks/card_provider.go:35.115,37.3 1 0
github.com/jailtonjunior94/financialcontrol-api/internal/modules/finance/domain/ports/mocks/card_provider.go:38.2,38.106 1 0
github.com/jailtonjunior94/financialcontrol-api/internal/modules/finance/domain/ports/mocks/card_provider.go:38.106,40.3 1 0
github.com/jailtonjunior94/financialcontrol-api/internal/modules/finance/domain/ports/mocks/card_provider.go:40.8,42.3 1 0
github.com/jailtonjunior94/financialcontrol-api/internal/modules/finance/domain/ports/mocks/card_provider.go:43.2,43.91 1 0
github.com/jailtonjunior94/financialcontrol-api/internal/modules/finance/domain/ports/mocks/card_provider.go:43.91,45.3 1 0
github.com/jailtonjunior94/financialcontrol-api/internal/modules/finance/domain/ports/mocks/card_provider.go:45.8,47.3 1 0
github.com/jailtonjunior94/financialcontrol-api/internal/modules/finance/domain/ports/mocks/card_provider.go:48.2,48.15 1 0
github.com/jailtonjunior94/financialcontrol-api/internal/modules/finance/domain/ports/mocks/card_provider.go:53.102,55.2 1 0
github.com/jailtonjunior94/financialcontrol-api/internal/modules/finance/domain/ports/mocks/card_provider.go:57.145,58.40 1 0
github.com/jailtonjunior94/financialcontrol-api/internal/modules/finance/domain/ports/mocks/card_provider.go:58.40,60.3 1 0
github.com/jailtonjunior94/financialcontrol-api/internal/modules/finance/domain/ports/mocks/card_provider.go:61.2,61.11 1 0
github.com/jailtonjunior94/financialcontrol-api/internal/modules/finance/domain/ports/mocks/card_provider.go:64.109,67.2 2 0
github.com/jailtonjunior94/financialcontrol-api/internal/modules/finance/domain/ports/mocks/card_provider.go:69.166,72.2 2 0
github.com/jailtonjunior94/financialcontrol-api/internal/modules/finance/domain/ports/mocks/card_provider.go:78.18,81.19 3 0
github.com/jailtonjunior94/financialcontrol-api/internal/modules/finance/domain/ports/mocks/card_provider.go:81.19,81.49 1 0
github.com/jailtonjunior94/financialcontrol-api/internal/modules/finance/domain/ports/mocks/card_provider.go:82.2,82.13 1 0
github.com/jailtonjunior94/financialcontrol-api/internal/modules/finance/domain/ports/mocks/category_provider.go:24.65,26.2 1 0
github.com/jailtonjunior94/financialcontrol-api/internal/modules/finance/domain/ports/mocks/category_provider.go:28.145,30.19 2 0
github.com/jailtonjunior94/financialcontrol-api/internal/modules/finance/domain/ports/mocks/category_provider.go:30.19,31.49 1 0
github.com/jailtonjunior94/financialcontrol-api/internal/modules/finance/domain/ports/mocks/category_provider.go:33.2,35.123 3 0
github.com/jailtonjunior94/financialcontrol-api/internal/modules/finance/domain/ports/mocks/category_provider.go:35.123,37.3 1 0
github.com/jailtonjunior94/financialcontrol-api/internal/modules/finance/domain/ports/mocks/category_provider.go:38.2,38.114 1 0
github.com/jailtonjunior94/financialcontrol-api/internal/modules/finance/domain/ports/mocks/category_provider.go:38.114,40.3 1 0
github.com/jailtonjunior94/financialcontrol-api/internal/modules/finance/domain/ports/mocks/category_provider.go:40.8,42.3 1 0
github.com/jailtonjunior94/financialcontrol-api/internal/modules/finance/domain/ports/mocks/category_provider.go:43.2,43.95 1 0
github.com/jailtonjunior94/financialcontrol-api/internal/modules/finance/domain/ports/mocks/category_provider.go:43.95,45.3 1 0
github.com/jailtonjunior94/financialcontrol-api/internal/modules/finance/domain/ports/mocks/category_provider.go:45.8,47.3 1 0
github.com/jailtonjunior94/financialcontrol-api/internal/modules/finance/domain/ports/mocks/category_provider.go:48.2,48.15 1 0
github.com/jailtonjunior94/financialcontrol-api/internal/modules/finance/domain/ports/mocks/category_provider.go:53.114,55.2 1 0
github.com/jailtonjunior94/financialcontrol-api/internal/modules/finance/domain/ports/mocks/category_provider.go:57.161,58.40 1 0
github.com/jailtonjunior94/financialcontrol-api/internal/modules/finance/domain/ports/mocks/category_provider.go:58.40,60.3 1 0
github.com/jailtonjunior94/financialcontrol-api/internal/modules/finance/domain/ports/mocks/category_provider.go:61.2,61.11 1 0
github.com/jailtonjunior94/financialcontrol-api/internal/modules/finance/domain/ports/mocks/category_provider.go:64.121,67.2 2 0
github.com/jailtonjunior94/financialcontrol-api/internal/modules/finance/domain/ports/mocks/category_provider.go:69.182,72.2 2 0
github.com/jailtonjunior94/financialcontrol-api/internal/modules/finance/domain/ports/mocks/category_provider.go:78.22,81.19 3 0
github.com/jailtonjunior94/financialcontrol-api/internal/modules/finance/domain/ports/mocks/category_provider.go:81.19,81.49 1 0
github.com/jailtonjunior94/financialcontrol-api/internal/modules/finance/domain/ports/mocks/category_provider.go:82.2,82.13 1 0
github.com/jailtonjunior94/financialcontrol-api/internal/modules/finance/domain/ports/mocks/clock.go:20.43,22.2 1 0
github.com/jailtonjunior94/financialcontrol-api/internal/modules/finance/domain/ports/mocks/clock.go:24.34,26.19 2 0
github.com/jailtonjunior94/financialcontrol-api/internal/modules/finance/domain/ports/mocks/clock.go:26.19,27.45 1 0
github.com/jailtonjunior94/financialcontrol-api/internal/modules/finance/domain/ports/mocks/clock.go:29.2,29.49 1 0
github.com/jailtonjunior94/financialcontrol-api/internal/modules/finance/domain/ports/mocks/clock.go:29.49,31.3 1 0
github.com/jailtonjunior94/financialcontrol-api/internal/modules/finance/domain/ports/mocks/clock.go:32.2,32.31 1 0
github.com/jailtonjunior94/financialcontrol-api/internal/modules/finance/domain/ports/mocks/clock.go:37.49,39.2 1 0
github.com/jailtonjunior94/financialcontrol-api/internal/modules/finance/domain/ports/mocks/clock.go:41.59,42.40 1 0
github.com/jailtonjunior94/financialcontrol-api/internal/modules/finance/domain/ports/mocks/clock.go:42.40,42.49 1 0
github.com/jailtonjunior94/financialcontrol-api/internal/modules/finance/domain/ports/mocks/clock.go:43.2,43.11 1 0
github.com/jailtonjunior94/financialcontrol-api/internal/modules/finance/domain/ports/mocks/clock.go:46.65,49.2 2 0
github.com/jailtonjunior94/financialcontrol-api/internal/modules/finance/domain/ports/mocks/clock.go:51.78,54.2 2 0
github.com/jailtonjunior94/financialcontrol-api/internal/modules/finance/domain/ports/mocks/clock.go:60.11,63.19 3 0
github.com/jailtonjunior94/financialcontrol-api/internal/modules/finance/domain/ports/mocks/clock.go:63.19,63.49 1 0
github.com/jailtonjunior94/financialcontrol-api/internal/modules/finance/domain/ports/mocks/clock.go:64.2,64.13 1 0
github.com/jailtonjunior94/financialcontrol-api/internal/modules/finance/domain/ports/mocks/id_generator.go:20.55,22.2 1 0
github.com/jailtonjunior94/financialcontrol-api/internal/modules/finance/domain/ports/mocks/id_generator.go:24.61,26.19 2 0
github.com/jailtonjunior94/financialcontrol-api/internal/modules/finance/domain/ports/mocks/id_generator.go:26.19,27.58 1 0
github.com/jailtonjunior94/financialcontrol-api/internal/modules/finance/domain/ports/mocks/id_generator.go:29.2,29.57 1 0
github.com/jailtonjunior94/financialcontrol-api/internal/modules/finance/domain/ports/mocks/id_generator.go:29.57,31.3 1 0
github.com/jailtonjunior94/financialcontrol-api/internal/modules/finance/domain/ports/mocks/id_generator.go:32.2,32.39 1 0
github.com/jailtonjunior94/financialcontrol-api/internal/modules/finance/domain/ports/mocks/id_generator.go:35.61,37.19 2 0
github.com/jailtonjunior94/financialcontrol-api/internal/modules/finance/domain/ports/mocks/id_generator.go:37.19,38.58 1 0
github.com/jailtonjunior94/financialcontrol-api/internal/modules/finance/domain/ports/mocks/id_generator.go:40.2,40.57 1 0
github.com/jailtonjunior94/financialcontrol-api/internal/modules/finance/domain/ports/mocks/id_generator.go:40.57,42.3 1 0
github.com/jailtonjunior94/financialcontrol-api/internal/modules/finance/domain/ports/mocks/id_generator.go:43.2,43.39 1 0
github.com/jailtonjunior94/financialcontrol-api/internal/modules/finance/domain/ports/mocks/id_generator.go:46.53,48.19 2 0
github.com/jailtonjunior94/financialcontrol-api/internal/modules/finance/domain/ports/mocks/id_generator.go:48.19,49.54 1 0
github.com/jailtonjunior94/financialcontrol-api/internal/modules/finance/domain/ports/mocks/id_generator.go:51.2,51.53 1 0
github.com/jailtonjunior94/financialcontrol-api/internal/modules/finance/domain/ports/mocks/id_generator.go:51.53,53.3 1 0
github.com/jailtonjunior94/financialcontrol-api/internal/modules/finance/domain/ports/mocks/id_generator.go:54.2,54.35 1 0
github.com/jailtonjunior94/financialcontrol-api/internal/modules/finance/domain/ports/mocks/id_generator.go:61.17,64.19 3 0
github.com/jailtonjunior94/financialcontrol-api/internal/modules/finance/domain/ports/mocks/id_generator.go:64.19,64.49 1 0
github.com/jailtonjunior94/financialcontrol-api/internal/modules/finance/domain/ports/mocks/id_generator.go:65.2,65.13 1 0
github.com/jailtonjunior94/financialcontrol-api/internal/modules/finance/domain/ports/mocks/installment_repository.go:25.75,27.2 1 0
github.com/jailtonjunior94/financialcontrol-api/internal/modules/finance/domain/ports/mocks/installment_repository.go:29.101,31.19 2 0
github.com/jailtonjunior94/financialcontrol-api/internal/modules/finance/domain/ports/mocks/installment_repository.go:31.19,32.50 1 0
github.com/jailtonjunior94/financialcontrol-api/internal/modules/finance/domain/ports/mocks/installment_repository.go:34.2,35.85 2 0
github.com/jailtonjunior94/financialcontrol-api/internal/modules/finance/domain/ports/mocks/installment_repository.go:35.85,37.3 1 0
github.com/jailtonjunior94/financialcontrol-api/internal/modules/finance/domain/ports/mocks/installment_repository.go:37.8,39.3 1 0
github.com/jailtonjunior94/financialcontrol-api/internal/modules/finance/domain/ports/mocks/installment_repository.go:40.2,40.11 1 0
github.com/jailtonjunior94/financialcontrol-api/internal/modules/finance/domain/ports/mocks/installment_repository.go:45.113,47.2 1 0
github.com/jailtonjunior94/financialcontrol-api/internal/modules/finance/domain/ports/mocks/installment_repository.go:49.151,50.40 1 0
github.com/jailtonjunior94/financialcontrol-api/internal/modules/finance/domain/ports/mocks/installment_repository.go:50.40,50.109 1 0
github.com/jailtonjunior94/financialcontrol-api/internal/modules/finance/domain/ports/mocks/installment_repository.go:51.2,51.11 1 0
github.com/jailtonjunior94/financialcontrol-api/internal/modules/finance/domain/ports/mocks/installment_repository.go:54.103,57.2 2 0
github.com/jailtonjunior94/financialcontrol-api/internal/modules/finance/domain/ports/mocks/installment_repository.go:59.156,62.2 2 0
github.com/jailtonjunior94/financialcontrol-api/internal/modules/finance/domain/ports/mocks/installment_repository.go:64.104,66.19 2 0
github.com/jailtonjunior94/financialcontrol-api/internal/modules/finance/domain/ports/mocks/installment_repository.go:66.19,67.53 1 0
github.com/jailtonjunior94/financialcontrol-api/internal/modules/finance/domain/ports/mocks/installment_repository.go:69.2,70.85 2 0
github.com/jailtonjunior94/financialcontrol-api/internal/modules/finance/domain/ports/mocks/installment_repository.go:70.85,72.3 1 0
github.com/jailtonjunior94/financialcontrol-api/internal/modules/finance/domain/ports/mocks/installment_repository.go:72.8,74.3 1 0
github.com/jailtonjunior94/financialcontrol-api/internal/modules/finance/domain/ports/mocks/installment_repository.go:75.2,75.11 1 0
github.com/jailtonjunior94/financialcontrol-api/internal/modules/finance/domain/ports/mocks/installment_repository.go:80.119,82.2 1 0
github.com/jailtonjunior94/financialcontrol-api/internal/modules/finance/domain/ports/mocks/installment_repository.go:84.157,85.40 1 0
github.com/jailtonjunior94/financialcontrol-api/internal/modules/finance/domain/ports/mocks/installment_repository.go:85.40,85.109 1 0
github.com/jailtonjunior94/financialcontrol-api/internal/modules/finance/domain/ports/mocks/installment_repository.go:86.2,86.11 1 0
github.com/jailtonjunior94/financialcontrol-api/internal/modules/finance/domain/ports/mocks/installment_repository.go:89.109,92.2 2 0
github.com/jailtonjunior94/financialcontrol-api/internal/modules/finance/domain/ports/mocks/installment_repository.go:94.162,97.2 2 0
github.com/jailtonjunior94/financialcontrol-api/internal/modules/finance/domain/ports/mocks/installment_repository.go:99.132,101.19 2 0
github.com/jailtonjunior94/financialcontrol-api/internal/modules/finance/domain/ports/mocks/installment_repository.go:101.19,102.65 1 0
github.com/jailtonjunior94/financialcontrol-api/internal/modules/finance/domain/ports/mocks/installment_repository.go:104.2,105.90 2 0
github.com/jailtonjunior94/financialcontrol-api/internal/modules/finance/domain/ports/mocks/installment_repository.go:105.90,107.3 1 0
github.com/jailtonjunior94/financialcontrol-api/internal/modules/finance/domain/ports/mocks/installment_repository.go:107.8,109.3 1 0
github.com/jailtonjunior94/financialcontrol-api/internal/modules/finance/domain/ports/mocks/installment_repository.go:110.2,110.11 1 0
github.com/jailtonjunior94/financialcontrol-api/internal/modules/finance/domain/ports/mocks/installment_repository.go:115.155,117.2 1 0
github.com/jailtonjunior94/financialcontrol-api/internal/modules/finance/domain/ports/mocks/installment_repository.go:119.197,120.40 1 0
github.com/jailtonjunior94/financialcontrol-api/internal/modules/finance/domain/ports/mocks/installment_repository.go:120.40,122.3 1 0
github.com/jailtonjunior94/financialcontrol-api/internal/modules/finance/domain/ports/mocks/installment_repository.go:123.2,123.11 1 0
github.com/jailtonjunior94/financialcontrol-api/internal/modules/finance/domain/ports/mocks/installment_repository.go:126.133,129.2 2 0
github.com/jailtonjunior94/financialcontrol-api/internal/modules/finance/domain/ports/mocks/installment_repository.go:131.191,134.2 2 0
github.com/jailtonjunior94/financialcontrol-api/internal/modules/finance/domain/ports/mocks/installment_repository.go:136.126,138.19 2 0
github.com/jailtonjunior94/financialcontrol-api/internal/modules/finance/domain/ports/mocks/installment_repository.go:138.19,139.55 1 0
github.com/jailtonjunior94/financialcontrol-api/internal/modules/finance/domain/ports/mocks/installment_repository.go:141.2,143.101 3 0
github.com/jailtonjunior94/financialcontrol-api/internal/modules/finance/domain/ports/mocks/installment_repository.go:143.101,145.3 1 0
github.com/jailtonjunior94/financialcontrol-api/internal/modules/finance/domain/ports/mocks/installment_repository.go:146.2,146.92 1 0
github.com/jailtonjunior94/financialcontrol-api/internal/modules/finance/domain/ports/mocks/installment_repository.go:146.92,148.3 1 0
github.com/jailtonjunior94/financialcontrol-api/internal/modules/finance/domain/ports/mocks/installment_repository.go:148.8,148.30 1 0
github.com/jailtonjunior94/financialcontrol-api/internal/modules/finance/domain/ports/mocks/installment_repository.go:148.30,150.3 1 0
github.com/jailtonjunior94/financialcontrol-api/internal/modules/finance/domain/ports/mocks/installment_repository.go:151.2,151.75 1 0
github.com/jailtonjunior94/financialcontrol-api/internal/modules/finance/domain/ports/mocks/installment_repository.go:151.75,153.3 1 0
github.com/jailtonjunior94/financialcontrol-api/internal/modules/finance/domain/ports/mocks/installment_repository.go:153.8,155.3 1 0
github.com/jailtonjunior94/financialcontrol-api/internal/modules/finance/domain/ports/mocks/installment_repository.go:156.2,156.15 1 0
github.com/jailtonjunior94/financialcontrol-api/internal/modules/finance/domain/ports/mocks/installment_repository.go:161.127,163.2 1 0
github.com/jailtonjunior94/financialcontrol-api/internal/modules/finance/domain/ports/mocks/installment_repository.go:165.155,166.40 1 0
github.com/jailtonjunior94/financialcontrol-api/internal/modules/finance/domain/ports/mocks/installment_repository.go:166.40,166.99 1 0
github.com/jailtonjunior94/financialcontrol-api/internal/modules/finance/domain/ports/mocks/installment_repository.go:167.2,167.11 1 0
github.com/jailtonjunior94/financialcontrol-api/internal/modules/finance/domain/ports/mocks/installment_repository.go:170.141,173.2 2 0
github.com/jailtonjunior94/financialcontrol-api/internal/modules/finance/domain/ports/mocks/installment_repository.go:175.182,178.2 2 0
github.com/jailtonjunior94/financialcontrol-api/internal/modules/finance/domain/ports/mocks/installment_repository.go:180.138,182.19 2 0
github.com/jailtonjunior94/financialcontrol-api/internal/modules/finance/domain/ports/mocks/installment_repository.go:182.19,183.59 1 0
github.com/jailtonjunior94/financialcontrol-api/internal/modules/finance/domain/ports/mocks/installment_repository.go:185.2,187.105 3 0
github.com/jailtonjunior94/financialcontrol-api/internal/modules/finance/domain/ports/mocks/installment_repository.go:187.105,189.3 1 0
github.com/jailtonjunior94/financialcontrol-api/internal/modules/finance/domain/ports/mocks/installment_repository.go:190.2,190.96 1 0
github.com/jailtonjunior94/financialcontrol-api/internal/modules/finance/domain/ports/mocks/installment_repository.go:190.96,192.3 1 0
github.com/jailtonjunior94/financialcontrol-api/internal/modules/finance/domain/ports/mocks/installment_repository.go:192.8,192.30 1 0
github.com/jailtonjunior94/financialcontrol-api/internal/modules/finance/domain/ports/mocks/installment_repository.go:192.30,194.3 1 0
github.com/jailtonjunior94/financialcontrol-api/internal/modules/finance/domain/ports/mocks/installment_repository.go:195.2,195.79 1 0
github.com/jailtonjunior94/financialcontrol-api/internal/modules/finance/domain/ports/mocks/installment_repository.go:195.79,197.3 1 0
github.com/jailtonjunior94/financialcontrol-api/internal/modules/finance/domain/ports/mocks/installment_repository.go:197.8,199.3 1 0
github.com/jailtonjunior94/financialcontrol-api/internal/modules/finance/domain/ports/mocks/installment_repository.go:200.2,200.15 1 0
github.com/jailtonjunior94/financialcontrol-api/internal/modules/finance/domain/ports/mocks/installment_repository.go:205.139,207.2 1 0
github.com/jailtonjunior94/financialcontrol-api/internal/modules/finance/domain/ports/mocks/installment_repository.go:209.171,210.40 1 0
github.com/jailtonjunior94/financialcontrol-api/internal/modules/finance/domain/ports/mocks/installment_repository.go:210.40,210.103 1 0
github.com/jailtonjunior94/financialcontrol-api/internal/modules/finance/domain/ports/mocks/installment_repository.go:211.2,211.11 1 0
github.com/jailtonjunior94/financialcontrol-api/internal/modules/finance/domain/ports/mocks/installment_repository.go:214.149,217.2 2 0
github.com/jailtonjunior94/financialcontrol-api/internal/modules/finance/domain/ports/mocks/installment_repository.go:219.194,222.2 2 0
github.com/jailtonjunior94/financialcontrol-api/internal/modules/finance/domain/ports/mocks/installment_repository.go:224.132,226.19 2 0
github.com/jailtonjunior94/financialcontrol-api/internal/modules/finance/domain/ports/mocks/installment_repository.go:226.19,227.71 1 0
github.com/jailtonjunior94/financialcontrol-api/internal/modules/finance/domain/ports/mocks/installment_repository.go:229.2,231.87 3 0
github.com/jailtonjunior94/financialcontrol-api/internal/modules/finance/domain/ports/mocks/installment_repository.go:231.87,233.3 1 0
github.com/jailtonjunior94/financialcontrol-api/internal/modules/finance/domain/ports/mocks/installment_repository.go:234.2,234.78 1 0
github.com/jailtonjunior94/financialcontrol-api/internal/modules/finance/domain/ports/mocks/installment_repository.go:234.78,236.3 1 0
github.com/jailtonjunior94/financialcontrol-api/internal/modules/finance/domain/ports/mocks/installment_repository.go:236.8,238.3 1 0
github.com/jailtonjunior94/financialcontrol-api/internal/modules/finance/domain/ports/mocks/installment_repository.go:239.2,239.79 1 0
github.com/jailtonjunior94/financialcontrol-api/internal/modules/finance/domain/ports/mocks/installment_repository.go:239.79,241.3 1 0
github.com/jailtonjunior94/financialcontrol-api/internal/modules/finance/domain/ports/mocks/installment_repository.go:241.8,243.3 1 0
github.com/jailtonjunior94/financialcontrol-api/internal/modules/finance/domain/ports/mocks/installment_repository.go:244.2,244.15 1 0
github.com/jailtonjunior94/financialcontrol-api/internal/modules/finance/domain/ports/mocks/installment_repository.go:249.163,251.2 1 0
github.com/jailtonjunior94/financialcontrol-api/internal/modules/finance/domain/ports/mocks/installment_repository.go:253.195,254.40 1 0
github.com/jailtonjunior94/financialcontrol-api/internal/modules/finance/domain/ports/mocks/installment_repository.go:254.40,254.103 1 0
github.com/jailtonjunior94/financialcontrol-api/internal/modules/finance/domain/ports/mocks/installment_repository.go:255.2,255.11 1 0
github.com/jailtonjunior94/financialcontrol-api/internal/modules/finance/domain/ports/mocks/installment_repository.go:258.155,261.2 2 0
github.com/jailtonjunior94/financialcontrol-api/internal/modules/finance/domain/ports/mocks/installment_repository.go:263.200,266.2 2 0
github.com/jailtonjunior94/financialcontrol-api/internal/modules/finance/domain/ports/mocks/installment_repository.go:268.140,270.19 2 0
github.com/jailtonjunior94/financialcontrol-api/internal/modules/finance/domain/ports/mocks/installment_repository.go:270.19,271.62 1 0
github.com/jailtonjunior94/financialcontrol-api/internal/modules/finance/domain/ports/mocks/installment_repository.go:273.2,275.104 3 0
github.com/jailtonjunior94/financialcontrol-api/internal/modules/finance/domain/ports/mocks/installment_repository.go:275.104,277.3 1 0
github.com/jailtonjunior94/financialcontrol-api/internal/modules/finance/domain/ports/mocks/installment_repository.go:278.2,278.95 1 0
github.com/jailtonjunior94/financialcontrol-api/internal/modules/finance/domain/ports/mocks/installment_repository.go:278.95,280.3 1 0
github.com/jailtonjunior94/financialcontrol-api/internal/modules/finance/domain/ports/mocks/installment_repository.go:280.8,282.3 1 0
github.com/jailtonjunior94/financialcontrol-api/internal/modules/finance/domain/ports/mocks/installment_repository.go:283.2,283.91 1 0
github.com/jailtonjunior94/financialcontrol-api/internal/modules/finance/domain/ports/mocks/installment_repository.go:283.91,285.3 1 0
github.com/jailtonjunior94/financialcontrol-api/internal/modules/finance/domain/ports/mocks/installment_repository.go:285.8,287.3 1 0
github.com/jailtonjunior94/financialcontrol-api/internal/modules/finance/domain/ports/mocks/installment_repository.go:288.2,288.15 1 0
github.com/jailtonjunior94/financialcontrol-api/internal/modules/finance/domain/ports/mocks/installment_repository.go:293.146,295.2 1 0
github.com/jailtonjunior94/financialcontrol-api/internal/modules/finance/domain/ports/mocks/installment_repository.go:297.189,298.40 1 0
github.com/jailtonjunior94/financialcontrol-api/internal/modules/finance/domain/ports/mocks/installment_repository.go:298.40,300.3 1 0
github.com/jailtonjunior94/financialcontrol-api/internal/modules/finance/domain/ports/mocks/installment_repository.go:301.2,301.11 1 0
github.com/jailtonjunior94/financialcontrol-api/internal/modules/finance/domain/ports/mocks/installment_repository.go:304.142,307.2 2 0
github.com/jailtonjunior94/financialcontrol-api/internal/modules/finance/domain/ports/mocks/installment_repository.go:309.199,312.2 2 0
github.com/jailtonjunior94/financialcontrol-api/internal/modules/finance/domain/ports/mocks/installment_repository.go:318.27,321.19 3 0
github.com/jailtonjunior94/financialcontrol-api/internal/modules/finance/domain/ports/mocks/installment_repository.go:321.19,321.49 1 0
github.com/jailtonjunior94/financialcontrol-api/internal/modules/finance/domain/ports/mocks/installment_repository.go:322.2,322.13 1 0
github.com/jailtonjunior94/financialcontrol-api/internal/modules/finance/domain/ports/mocks/invoice_repository.go:28.67,30.2 1 0
github.com/jailtonjunior94/financialcontrol-api/internal/modules/finance/domain/ports/mocks/invoice_repository.go:32.215,34.19 2 0
github.com/jailtonjunior94/financialcontrol-api/internal/modules/finance/domain/ports/mocks/invoice_repository.go:34.19,35.60 1 0
github.com/jailtonjunior94/financialcontrol-api/internal/modules/finance/domain/ports/mocks/invoice_repository.go:37.2,39.158 3 0
github.com/jailtonjunior94/financialcontrol-api/internal/modules/finance/domain/ports/mocks/invoice_repository.go:39.158,41.3 1 0
github.com/jailtonjunior94/financialcontrol-api/internal/modules/finance/domain/ports/mocks/invoice_repository.go:42.2,42.149 1 0
github.com/jailtonjunior94/financialcontrol-api/internal/modules/finance/domain/ports/mocks/invoice_repository.go:42.149,44.3 1 0
github.com/jailtonjunior94/financialcontrol-api/internal/modules/finance/domain/ports/mocks/invoice_repository.go:44.8,44.30 1 0
github.com/jailtonjunior94/financialcontrol-api/internal/modules/finance/domain/ports/mocks/invoice_repository.go:44.30,46.3 1 0
github.com/jailtonjunior94/financialcontrol-api/internal/modules/finance/domain/ports/mocks/invoice_repository.go:47.2,47.137 1 0
github.com/jailtonjunior94/financialcontrol-api/internal/modules/finance/domain/ports/mocks/invoice_repository.go:47.137,49.3 1 0
github.com/jailtonjunior94/financialcontrol-api/internal/modules/finance/domain/ports/mocks/invoice_repository.go:49.8,51.3 1 0
github.com/jailtonjunior94/financialcontrol-api/internal/modules/finance/domain/ports/mocks/invoice_repository.go:52.2,52.15 1 0
github.com/jailtonjunior94/financialcontrol-api/internal/modules/finance/domain/ports/mocks/invoice_repository.go:57.164,59.2 1 0
github.com/jailtonjunior94/financialcontrol-api/internal/modules/finance/domain/ports/mocks/invoice_repository.go:61.250,62.40 1 0
github.com/jailtonjunior94/financialcontrol-api/internal/modules/finance/domain/ports/mocks/invoice_repository.go:62.40,64.3 1 0
github.com/jailtonjunior94/financialcontrol-api/internal/modules/finance/domain/ports/mocks/invoice_repository.go:65.2,65.11 1 0
github.com/jailtonjunior94/financialcontrol-api/internal/modules/finance/domain/ports/mocks/invoice_repository.go:68.138,71.2 2 0
github.com/jailtonjunior94/financialcontrol-api/internal/modules/finance/domain/ports/mocks/invoice_repository.go:73.241,76.2 2 0
github.com/jailtonjunior94/financialcontrol-api/internal/modules/finance/domain/ports/mocks/invoice_repository.go:78.130,80.19 2 0
github.com/jailtonjunior94/financialcontrol-api/internal/modules/finance/domain/ports/mocks/invoice_repository.go:80.19,81.49 1 0
github.com/jailtonjunior94/financialcontrol-api/internal/modules/finance/domain/ports/mocks/invoice_repository.go:83.2,85.115 3 0
github.com/jailtonjunior94/financialcontrol-api/internal/modules/finance/domain/ports/mocks/invoice_repository.go:85.115,87.3 1 0
github.com/jailtonjunior94/financialcontrol-api/internal/modules/finance/domain/ports/mocks/invoice_repository.go:88.2,88.106 1 0
github.com/jailtonjunior94/financialcontrol-api/internal/modules/finance/domain/ports/mocks/invoice_repository.go:88.106,90.3 1 0
github.com/jailtonjunior94/financialcontrol-api/internal/modules/finance/domain/ports/mocks/invoice_repository.go:90.8,90.30 1 0
github.com/jailtonjunior94/financialcontrol-api/internal/modules/finance/domain/ports/mocks/invoice_repository.go:90.30,92.3 1 0
github.com/jailtonjunior94/financialcontrol-api/internal/modules/finance/domain/ports/mocks/invoice_repository.go:93.2,93.94 1 0
github.com/jailtonjunior94/financialcontrol-api/internal/modules/finance/domain/ports/mocks/invoice_repository.go:93.94,95.3 1 0
github.com/jailtonjunior94/financialcontrol-api/internal/modules/finance/domain/ports/mocks/invoice_repository.go:95.8,97.3 1 0
github.com/jailtonjunior94/financialcontrol-api/internal/modules/finance/domain/ports/mocks/invoice_repository.go:98.2,98.15 1 0
github.com/jailtonjunior94/financialcontrol-api/internal/modules/finance/domain/ports/mocks/invoice_repository.go:103.108,105.2 1 0
github.com/jailtonjunior94/financialcontrol-api/internal/modules/finance/domain/ports/mocks/invoice_repository.go:107.154,108.40 1 0
github.com/jailtonjunior94/financialcontrol-api/internal/modules/finance/domain/ports/mocks/invoice_repository.go:108.40,110.3 1 0
github.com/jailtonjunior94/financialcontrol-api/internal/modules/finance/domain/ports/mocks/invoice_repository.go:111.2,111.11 1 0
github.com/jailtonjunior94/financialcontrol-api/internal/modules/finance/domain/ports/mocks/invoice_repository.go:114.116,117.2 2 0
github.com/jailtonjunior94/financialcontrol-api/internal/modules/finance/domain/ports/mocks/invoice_repository.go:119.176,122.2 2 0
github.com/jailtonjunior94/financialcontrol-api/internal/modules/finance/domain/ports/mocks/invoice_repository.go:124.142,126.19 2 0
github.com/jailtonjunior94/financialcontrol-api/internal/modules/finance/domain/ports/mocks/invoice_repository.go:126.19,127.46 1 0
github.com/jailtonjunior94/financialcontrol-api/internal/modules/finance/domain/ports/mocks/invoice_repository.go:129.2,132.131 4 0
github.com/jailtonjunior94/financialcontrol-api/internal/modules/finance/domain/ports/mocks/invoice_repository.go:132.131,134.3 1 0
github.com/jailtonjunior94/financialcontrol-api/internal/modules/finance/domain/ports/mocks/invoice_repository.go:135.2,135.115 1 0
github.com/jailtonjunior94/financialcontrol-api/internal/modules/finance/domain/ports/mocks/invoice_repository.go:135.115,137.3 1 0
github.com/jailtonjunior94/financialcontrol-api/internal/modules/finance/domain/ports/mocks/invoice_repository.go:137.8,137.30 1 0
github.com/jailtonjunior94/financialcontrol-api/internal/modules/finance/domain/ports/mocks/invoice_repository.go:137.30,139.3 1 0
github.com/jailtonjunior94/financialcontrol-api/internal/modules/finance/domain/ports/mocks/invoice_repository.go:140.2,140.102 1 0
github.com/jailtonjunior94/financialcontrol-api/internal/modules/finance/domain/ports/mocks/invoice_repository.go:140.102,142.3 1 0
github.com/jailtonjunior94/financialcontrol-api/internal/modules/finance/domain/ports/mocks/invoice_repository.go:142.8,144.3 1 0
github.com/jailtonjunior94/financialcontrol-api/internal/modules/finance/domain/ports/mocks/invoice_repository.go:145.2,145.102 1 0
github.com/jailtonjunior94/financialcontrol-api/internal/modules/finance/domain/ports/mocks/invoice_repository.go:145.102,147.3 1 0
github.com/jailtonjunior94/financialcontrol-api/internal/modules/finance/domain/ports/mocks/invoice_repository.go:147.8,149.3 1 0
github.com/jailtonjunior94/financialcontrol-api/internal/modules/finance/domain/ports/mocks/invoice_repository.go:150.2,150.19 1 0
github.com/jailtonjunior94/financialcontrol-api/internal/modules/finance/domain/ports/mocks/invoice_repository.go:155.101,157.2 1 0
github.com/jailtonjunior94/financialcontrol-api/internal/modules/finance/domain/ports/mocks/invoice_repository.go:159.155,160.40 1 0
github.com/jailtonjunior94/financialcontrol-api/internal/modules/finance/domain/ports/mocks/invoice_repository.go:160.40,162.3 1 0
github.com/jailtonjunior94/financialcontrol-api/internal/modules/finance/domain/ports/mocks/invoice_repository.go:163.2,163.11 1 0
github.com/jailtonjunior94/financialcontrol-api/internal/modules/finance/domain/ports/mocks/invoice_repository.go:166.122,169.2 2 0
github.com/jailtonjunior94/financialcontrol-api/internal/modules/finance/domain/ports/mocks/invoice_repository.go:171.186,174.2 2 0
github.com/jailtonjunior94/financialcontrol-api/internal/modules/finance/domain/ports/mocks/invoice_repository.go:176.87,178.19 2 0
github.com/jailtonjunior94/financialcontrol-api/internal/modules/finance/domain/ports/mocks/invoice_repository.go:178.19,179.48 1 0
github.com/jailtonjunior94/financialcontrol-api/internal/modules/finance/domain/ports/mocks/invoice_repository.go:181.2,182.79 2 0
github.com/jailtonjunior94/financialcontrol-api/internal/modules/finance/domain/ports/mocks/invoice_repository.go:182.79,184.3 1 0
github.com/jailtonjunior94/financialcontrol-api/internal/modules/finance/domain/ports/mocks/invoice_repository.go:184.8,186.3 1 0
github.com/jailtonjunior94/financialcontrol-api/internal/modules/finance/domain/ports/mocks/invoice_repository.go:187.2,187.11 1 0
github.com/jailtonjunior94/financialcontrol-api/internal/modules/finance/domain/ports/mocks/invoice_repository.go:192.99,194.2 1 0
github.com/jailtonjunior94/financialcontrol-api/internal/modules/finance/domain/ports/mocks/invoice_repository.go:196.131,197.40 1 0
github.com/jailtonjunior94/financialcontrol-api/internal/modules/finance/domain/ports/mocks/invoice_repository.go:197.40,197.103 1 0
github.com/jailtonjunior94/financialcontrol-api/internal/modules/finance/domain/ports/mocks/invoice_repository.go:198.2,198.11 1 0
github.com/jailtonjunior94/financialcontrol-api/internal/modules/finance/domain/ports/mocks/invoice_repository.go:201.91,204.2 2 0
github.com/jailtonjunior94/financialcontrol-api/internal/modules/finance/domain/ports/mocks/invoice_repository.go:206.138,209.2 2 0
github.com/jailtonjunior94/financialcontrol-api/internal/modules/finance/domain/ports/mocks/invoice_repository.go:211.154,213.19 2 0
github.com/jailtonjunior94/financialcontrol-api/internal/modules/finance/domain/ports/mocks/invoice_repository.go:213.19,214.53 1 0
github.com/jailtonjunior94/financialcontrol-api/internal/modules/finance/domain/ports/mocks/invoice_repository.go:216.2,218.125 3 0
github.com/jailtonjunior94/financialcontrol-api/internal/modules/finance/domain/ports/mocks/invoice_repository.go:218.125,220.3 1 0
github.com/jailtonjunior94/financialcontrol-api/internal/modules/finance/domain/ports/mocks/invoice_repository.go:221.2,221.116 1 0
github.com/jailtonjunior94/financialcontrol-api/internal/modules/finance/domain/ports/mocks/invoice_repository.go:221.116,223.3 1 0
github.com/jailtonjunior94/financialcontrol-api/internal/modules/finance/domain/ports/mocks/invoice_repository.go:223.8,223.30 1 0
github.com/jailtonjunior94/financialcontrol-api/internal/modules/finance/domain/ports/mocks/invoice_repository.go:223.30,225.3 1 0
github.com/jailtonjunior94/financialcontrol-api/internal/modules/finance/domain/ports/mocks/invoice_repository.go:226.2,226.104 1 0
github.com/jailtonjunior94/financialcontrol-api/internal/modules/finance/domain/ports/mocks/invoice_repository.go:226.104,228.3 1 0
github.com/jailtonjunior94/financialcontrol-api/internal/modules/finance/domain/ports/mocks/invoice_repository.go:228.8,230.3 1 0
github.com/jailtonjunior94/financialcontrol-api/internal/modules/finance/domain/ports/mocks/invoice_repository.go:231.2,231.15 1 0
github.com/jailtonjunior94/financialcontrol-api/internal/modules/finance/domain/ports/mocks/invoice_repository.go:236.127,238.2 1 0
github.com/jailtonjunior94/financialcontrol-api/internal/modules/finance/domain/ports/mocks/invoice_repository.go:240.182,241.40 1 0
github.com/jailtonjunior94/financialcontrol-api/internal/modules/finance/domain/ports/mocks/invoice_repository.go:241.40,243.3 1 0
github.com/jailtonjunior94/financialcontrol-api/internal/modules/finance/domain/ports/mocks/invoice_repository.go:244.2,244.11 1 0
github.com/jailtonjunior94/financialcontrol-api/internal/modules/finance/domain/ports/mocks/invoice_repository.go:247.124,250.2 2 0
github.com/jailtonjunior94/financialcontrol-api/internal/modules/finance/domain/ports/mocks/invoice_repository.go:252.194,255.2 2 0
github.com/jailtonjunior94/financialcontrol-api/internal/modules/finance/domain/ports/mocks/invoice_repository.go:257.131,259.19 2 0
github.com/jailtonjunior94/financialcontrol-api/internal/modules/finance/domain/ports/mocks/invoice_repository.go:259.19,260.57 1 0
github.com/jailtonjunior94/financialcontrol-api/internal/modules/finance/domain/ports/mocks/invoice_repository.go:262.2,264.104 3 0
github.com/jailtonjunior94/financialcontrol-api/internal/modules/finance/domain/ports/mocks/invoice_repository.go:264.104,266.3 1 0
github.com/jailtonjunior94/financialcontrol-api/internal/modules/finance/domain/ports/mocks/invoice_repository.go:267.2,267.95 1 0
github.com/jailtonjunior94/financialcontrol-api/internal/modules/finance/domain/ports/mocks/invoice_repository.go:267.95,269.3 1 0
github.com/jailtonjunior94/financialcontrol-api/internal/modules/finance/domain/ports/mocks/invoice_repository.go:269.8,271.3 1 0
github.com/jailtonjunior94/financialcontrol-api/internal/modules/finance/domain/ports/mocks/invoice_repository.go:272.2,272.91 1 0
github.com/jailtonjunior94/financialcontrol-api/internal/modules/finance/domain/ports/mocks/invoice_repository.go:272.91,274.3 1 0
github.com/jailtonjunior94/financialcontrol-api/internal/modules/finance/domain/ports/mocks/invoice_repository.go:274.8,276.3 1 0
github.com/jailtonjunior94/financialcontrol-api/internal/modules/finance/domain/ports/mocks/invoice_repository.go:277.2,277.15 1 0
github.com/jailtonjunior94/financialcontrol-api/internal/modules/finance/domain/ports/mocks/invoice_repository.go:282.128,284.2 1 0
github.com/jailtonjunior94/financialcontrol-api/internal/modules/finance/domain/ports/mocks/invoice_repository.go:286.171,287.40 1 0
github.com/jailtonjunior94/financialcontrol-api/internal/modules/finance/domain/ports/mocks/invoice_repository.go:287.40,289.3 1 0
github.com/jailtonjunior94/financialcontrol-api/internal/modules/finance/domain/ports/mocks/invoice_repository.go:290.2,290.11 1 0
github.com/jailtonjunior94/financialcontrol-api/internal/modules/finance/domain/ports/mocks/invoice_repository.go:293.124,296.2 2 0
github.com/jailtonjunior94/financialcontrol-api/internal/modules/finance/domain/ports/mocks/invoice_repository.go:298.181,301.2 2 0
github.com/jailtonjunior94/financialcontrol-api/internal/modules/finance/domain/ports/mocks/invoice_repository.go:303.130,305.19 2 0
github.com/jailtonjunior94/financialcontrol-api/internal/modules/finance/domain/ports/mocks/invoice_repository.go:305.19,306.56 1 0
github.com/jailtonjunior94/financialcontrol-api/internal/modules/finance/domain/ports/mocks/invoice_repository.go:308.2,310.104 3 0
github.com/jailtonjunior94/financialcontrol-api/internal/modules/finance/domain/ports/mocks/invoice_repository.go:310.104,312.3 1 0
github.com/jailtonjunior94/financialcontrol-api/internal/modules/finance/domain/ports/mocks/invoice_repository.go:313.2,313.95 1 0
github.com/jailtonjunior94/financialcontrol-api/internal/modules/finance/domain/ports/mocks/invoice_repository.go:313.95,315.3 1 0
github.com/jailtonjunior94/financialcontrol-api/internal/modules/finance/domain/ports/mocks/invoice_repository.go:315.8,317.3 1 0
github.com/jailtonjunior94/financialcontrol-api/internal/modules/finance/domain/ports/mocks/invoice_repository.go:318.2,318.91 1 0
github.com/jailtonjunior94/financialcontrol-api/internal/modules/finance/domain/ports/mocks/invoice_repository.go:318.91,320.3 1 0
github.com/jailtonjunior94/financialcontrol-api/internal/modules/finance/domain/ports/mocks/invoice_repository.go:320.8,322.3 1 0
github.com/jailtonjunior94/financialcontrol-api/internal/modules/finance/domain/ports/mocks/invoice_repository.go:323.2,323.15 1 0
github.com/jailtonjunior94/financialcontrol-api/internal/modules/finance/domain/ports/mocks/invoice_repository.go:328.126,330.2 1 0
github.com/jailtonjunior94/financialcontrol-api/internal/modules/finance/domain/ports/mocks/invoice_repository.go:332.169,333.40 1 0
github.com/jailtonjunior94/financialcontrol-api/internal/modules/finance/domain/ports/mocks/invoice_repository.go:333.40,335.3 1 0
github.com/jailtonjunior94/financialcontrol-api/internal/modules/finance/domain/ports/mocks/invoice_repository.go:336.2,336.11 1 0
github.com/jailtonjunior94/financialcontrol-api/internal/modules/finance/domain/ports/mocks/invoice_repository.go:339.122,342.2 2 0
github.com/jailtonjunior94/financialcontrol-api/internal/modules/finance/domain/ports/mocks/invoice_repository.go:344.179,347.2 2 0
github.com/jailtonjunior94/financialcontrol-api/internal/modules/finance/domain/ports/mocks/invoice_repository.go:353.23,356.19 3 0
github.com/jailtonjunior94/financialcontrol-api/internal/modules/finance/domain/ports/mocks/invoice_repository.go:356.19,356.49 1 0
github.com/jailtonjunior94/financialcontrol-api/internal/modules/finance/domain/ports/mocks/invoice_repository.go:357.2,357.13 1 0
github.com/jailtonjunior94/financialcontrol-api/internal/modules/finance/domain/ports/mocks/transaction_repository.go:27.75,29.2 1 0
github.com/jailtonjunior94/financialcontrol-api/internal/modules/finance/domain/ports/mocks/transaction_repository.go:31.90,33.19 2 0
github.com/jailtonjunior94/financialcontrol-api/internal/modules/finance/domain/ports/mocks/transaction_repository.go:33.19,34.45 1 0
github.com/jailtonjunior94/financialcontrol-api/internal/modules/finance/domain/ports/mocks/transaction_repository.go:36.2,37.83 2 0
github.com/jailtonjunior94/financialcontrol-api/internal/modules/finance/domain/ports/mocks/transaction_repository.go:37.83,39.3 1 0
github.com/jailtonjunior94/financialcontrol-api/internal/modules/finance/domain/ports/mocks/transaction_repository.go:39.8,41.3 1 0
github.com/jailtonjunior94/financialcontrol-api/internal/modules/finance/domain/ports/mocks/transaction_repository.go:42.2,42.11 1 0
github.com/jailtonjunior94/financialcontrol-api/internal/modules/finance/domain/ports/mocks/transaction_repository.go:47.99,49.2 1 0
github.com/jailtonjunior94/financialcontrol-api/internal/modules/finance/domain/ports/mocks/transaction_repository.go:51.135,52.40 1 0
github.com/jailtonjunior94/financialcontrol-api/internal/modules/finance/domain/ports/mocks/transaction_repository.go:52.40,52.107 1 0
github.com/jailtonjunior94/financialcontrol-api/internal/modules/finance/domain/ports/mocks/transaction_repository.go:53.2,53.11 1 0
github.com/jailtonjunior94/financialcontrol-api/internal/modules/finance/domain/ports/mocks/transaction_repository.go:56.93,59.2 2 0
github.com/jailtonjunior94/financialcontrol-api/internal/modules/finance/domain/ports/mocks/transaction_repository.go:61.144,64.2 2 0
github.com/jailtonjunior94/financialcontrol-api/internal/modules/finance/domain/ports/mocks/transaction_repository.go:66.93,68.19 2 0
github.com/jailtonjunior94/financialcontrol-api/internal/modules/finance/domain/ports/mocks/transaction_repository.go:68.19,69.48 1 0
github.com/jailtonjunior94/financialcontrol-api/internal/modules/finance/domain/ports/mocks/transaction_repository.go:71.2,72.83 2 0
github.com/jailtonjunior94/financialcontrol-api/internal/modules/finance/domain/ports/mocks/transaction_repository.go:72.83,74.3 1 0
github.com/jailtonjunior94/financialcontrol-api/internal/modules/finance/domain/ports/mocks/transaction_repository.go:74.8,76.3 1 0
github.com/jailtonjunior94/financialcontrol-api/internal/modules/finance/domain/ports/mocks/transaction_repository.go:77.2,77.11 1 0
github.com/jailtonjunior94/financialcontrol-api/internal/modules/finance/domain/ports/mocks/transaction_repository.go:82.105,84.2 1 0
github.com/jailtonjunior94/financialcontrol-api/internal/modules/finance/domain/ports/mocks/transaction_repository.go:86.141,87.40 1 0
github.com/jailtonjunior94/financialcontrol-api/internal/modules/finance/domain/ports/mocks/transaction_repository.go:87.40,87.107 1 0
github.com/jailtonjunior94/financialcontrol-api/internal/modules/finance/domain/ports/mocks/transaction_repository.go:88.2,88.11 1 0
github.com/jailtonjunior94/financialcontrol-api/internal/modules/finance/domain/ports/mocks/transaction_repository.go:91.99,94.2 2 0
github.com/jailtonjunior94/financialcontrol-api/internal/modules/finance/domain/ports/mocks/transaction_repository.go:96.150,99.2 2 0
github.com/jailtonjunior94/financialcontrol-api/internal/modules/finance/domain/ports/mocks/transaction_repository.go:101.142,103.19 2 0
github.com/jailtonjunior94/financialcontrol-api/internal/modules/finance/domain/ports/mocks/transaction_repository.go:103.19,104.49 1 0
github.com/jailtonjunior94/financialcontrol-api/internal/modules/finance/domain/ports/mocks/transaction_repository.go:106.2,108.123 3 0
github.com/jailtonjunior94/financialcontrol-api/internal/modules/finance/domain/ports/mocks/transaction_repository.go:108.123,110.3 1 0
github.com/jailtonjunior94/financialcontrol-api/internal/modules/finance/domain/ports/mocks/transaction_repository.go:111.2,111.114 1 0
github.com/jailtonjunior94/financialcontrol-api/internal/modules/finance/domain/ports/mocks/transaction_repository.go:111.114,113.3 1 0
github.com/jailtonjunior94/financialcontrol-api/internal/modules/finance/domain/ports/mocks/transaction_repository.go:113.8,113.30 1 0
github.com/jailtonjunior94/financialcontrol-api/internal/modules/finance/domain/ports/mocks/transaction_repository.go:113.30,115.3 1 0
github.com/jailtonjunior94/financialcontrol-api/internal/modules/finance/domain/ports/mocks/transaction_repository.go:116.2,116.98 1 0
github.com/jailtonjunior94/financialcontrol-api/internal/modules/finance/domain/ports/mocks/transaction_repository.go:116.98,118.3 1 0
github.com/jailtonjunior94/financialcontrol-api/internal/modules/finance/domain/ports/mocks/transaction_repository.go:118.8,120.3 1 0
github.com/jailtonjunior94/financialcontrol-api/internal/modules/finance/domain/ports/mocks/transaction_repository.go:121.2,121.15 1 0
github.com/jailtonjunior94/financialcontrol-api/internal/modules/finance/domain/ports/mocks/transaction_repository.go:126.116,128.2 1 0
github.com/jailtonjunior94/financialcontrol-api/internal/modules/finance/domain/ports/mocks/transaction_repository.go:130.166,131.40 1 0
github.com/jailtonjunior94/financialcontrol-api/internal/modules/finance/domain/ports/mocks/transaction_repository.go:131.40,133.3 1 0
github.com/jailtonjunior94/financialcontrol-api/internal/modules/finance/domain/ports/mocks/transaction_repository.go:134.2,134.11 1 0
github.com/jailtonjunior94/financialcontrol-api/internal/modules/finance/domain/ports/mocks/transaction_repository.go:137.128,140.2 2 0
github.com/jailtonjunior94/financialcontrol-api/internal/modules/finance/domain/ports/mocks/transaction_repository.go:142.192,145.2 2 0
github.com/jailtonjunior94/financialcontrol-api/internal/modules/finance/domain/ports/mocks/transaction_repository.go:147.154,149.19 2 0
github.com/jailtonjunior94/financialcontrol-api/internal/modules/finance/domain/ports/mocks/transaction_repository.go:149.19,150.46 1 0
github.com/jailtonjunior94/financialcontrol-api/internal/modules/finance/domain/ports/mocks/transaction_repository.go:152.2,155.139 4 0
github.com/jailtonjunior94/financialcontrol-api/internal/modules/finance/domain/ports/mocks/transaction_repository.go:155.139,157.3 1 0
github.com/jailtonjunior94/financialcontrol-api/internal/modules/finance/domain/ports/mocks/transaction_repository.go:158.2,158.123 1 0
github.com/jailtonjunior94/financialcontrol-api/internal/modules/finance/domain/ports/mocks/transaction_repository.go:158.123,160.3 1 0
github.com/jailtonjunior94/financialcontrol-api/internal/modules/finance/domain/ports/mocks/transaction_repository.go:160.8,160.30 1 0
github.com/jailtonjunior94/financialcontrol-api/internal/modules/finance/domain/ports/mocks/transaction_repository.go:160.30,162.3 1 0
github.com/jailtonjunior94/financialcontrol-api/internal/modules/finance/domain/ports/mocks/transaction_repository.go:163.2,163.106 1 0
github.com/jailtonjunior94/financialcontrol-api/internal/modules/finance/domain/ports/mocks/transaction_repository.go:163.106,165.3 1 0
github.com/jailtonjunior94/financialcontrol-api/internal/modules/finance/domain/ports/mocks/transaction_repository.go:165.8,167.3 1 0
github.com/jailtonjunior94/financialcontrol-api/internal/modules/finance/domain/ports/mocks/transaction_repository.go:168.2,168.106 1 0
github.com/jailtonjunior94/financialcontrol-api/internal/modules/finance/domain/ports/mocks/transaction_repository.go:168.106,170.3 1 0
github.com/jailtonjunior94/financialcontrol-api/internal/modules/finance/domain/ports/mocks/transaction_repository.go:170.8,172.3 1 0
github.com/jailtonjunior94/financialcontrol-api/internal/modules/finance/domain/ports/mocks/transaction_repository.go:173.2,173.19 1 0
github.com/jailtonjunior94/financialcontrol-api/internal/modules/finance/domain/ports/mocks/transaction_repository.go:178.109,180.2 1 0
github.com/jailtonjunior94/financialcontrol-api/internal/modules/finance/domain/ports/mocks/transaction_repository.go:182.167,183.40 1 0
github.com/jailtonjunior94/financialcontrol-api/internal/modules/finance/domain/ports/mocks/transaction_repository.go:183.40,185.3 1 0
github.com/jailtonjunior94/financialcontrol-api/internal/modules/finance/domain/ports/mocks/transaction_repository.go:186.2,186.11 1 0
github.com/jailtonjunior94/financialcontrol-api/internal/modules/finance/domain/ports/mocks/transaction_repository.go:189.134,192.2 2 0
github.com/jailtonjunior94/financialcontrol-api/internal/modules/finance/domain/ports/mocks/transaction_repository.go:194.202,197.2 2 0
github.com/jailtonjunior94/financialcontrol-api/internal/modules/finance/domain/ports/mocks/transaction_repository.go:199.111,201.19 2 0
github.com/jailtonjunior94/financialcontrol-api/internal/modules/finance/domain/ports/mocks/transaction_repository.go:201.19,202.52 1 0
github.com/jailtonjunior94/financialcontrol-api/internal/modules/finance/domain/ports/mocks/transaction_repository.go:204.2,205.94 2 0
github.com/jailtonjunior94/financialcontrol-api/internal/modules/finance/domain/ports/mocks/transaction_repository.go:205.94,207.3 1 0
github.com/jailtonjunior94/financialcontrol-api/internal/modules/finance/domain/ports/mocks/transaction_repository.go:207.8,209.3 1 0
github.com/jailtonjunior94/financialcontrol-api/internal/modules/finance/domain/ports/mocks/transaction_repository.go:210.2,210.11 1 0
github.com/jailtonjunior94/financialcontrol-api/internal/modules/finance/domain/ports/mocks/transaction_repository.go:215.117,217.2 1 0
github.com/jailtonjunior94/financialcontrol-api/internal/modules/finance/domain/ports/mocks/transaction_repository.go:219.163,220.40 1 0
github.com/jailtonjunior94/financialcontrol-api/internal/modules/finance/domain/ports/mocks/transaction_repository.go:220.40,222.3 1 0
github.com/jailtonjunior94/financialcontrol-api/internal/modules/finance/domain/ports/mocks/transaction_repository.go:223.2,223.11 1 0
github.com/jailtonjunior94/financialcontrol-api/internal/modules/finance/domain/ports/mocks/transaction_repository.go:226.107,229.2 2 0
github.com/jailtonjunior94/financialcontrol-api/internal/modules/finance/domain/ports/mocks/transaction_repository.go:231.169,234.2 2 0
github.com/jailtonjunior94/financialcontrol-api/internal/modules/finance/domain/ports/mocks/transaction_repository.go:236.142,238.19 2 0
github.com/jailtonjunior94/financialcontrol-api/internal/modules/finance/domain/ports/mocks/transaction_repository.go:238.19,239.60 1 0
github.com/jailtonjunior94/financialcontrol-api/internal/modules/finance/domain/ports/mocks/transaction_repository.go:241.2,243.106 3 0
github.com/jailtonjunior94/financialcontrol-api/internal/modules/finance/domain/ports/mocks/transaction_repository.go:243.106,245.3 1 0
github.com/jailtonjunior94/financialcontrol-api/internal/modules/finance/domain/ports/mocks/transaction_repository.go:246.2,246.97 1 0
github.com/jailtonjunior94/financialcontrol-api/internal/modules/finance/domain/ports/mocks/transaction_repository.go:246.97,248.3 1 0
github.com/jailtonjunior94/financialcontrol-api/internal/modules/finance/domain/ports/mocks/transaction_repository.go:248.8,250.3 1 0
github.com/jailtonjunior94/financialcontrol-api/internal/modules/finance/domain/ports/mocks/transaction_repository.go:251.2,251.98 1 0
github.com/jailtonjunior94/financialcontrol-api/internal/modules/finance/domain/ports/mocks/transaction_repository.go:251.98,253.3 1 0
github.com/jailtonjunior94/financialcontrol-api/internal/modules/finance/domain/ports/mocks/transaction_repository.go:253.8,255.3 1 0
github.com/jailtonjunior94/financialcontrol-api/internal/modules/finance/domain/ports/mocks/transaction_repository.go:256.2,256.15 1 0
github.com/jailtonjunior94/financialcontrol-api/internal/modules/finance/domain/ports/mocks/transaction_repository.go:261.144,263.2 1 0
github.com/jailtonjunior94/financialcontrol-api/internal/modules/finance/domain/ports/mocks/transaction_repository.go:265.194,266.40 1 0
github.com/jailtonjunior94/financialcontrol-api/internal/modules/finance/domain/ports/mocks/transaction_repository.go:266.40,268.3 1 0
github.com/jailtonjunior94/financialcontrol-api/internal/modules/finance/domain/ports/mocks/transaction_repository.go:269.2,269.11 1 0
github.com/jailtonjunior94/financialcontrol-api/internal/modules/finance/domain/ports/mocks/transaction_repository.go:272.133,275.2 2 0
github.com/jailtonjunior94/financialcontrol-api/internal/modules/finance/domain/ports/mocks/transaction_repository.go:277.197,280.2 2 0
github.com/jailtonjunior94/financialcontrol-api/internal/modules/finance/domain/ports/mocks/transaction_repository.go:282.147,284.19 2 0
github.com/jailtonjunior94/financialcontrol-api/internal/modules/finance/domain/ports/mocks/transaction_repository.go:284.19,285.55 1 0
github.com/jailtonjunior94/financialcontrol-api/internal/modules/finance/domain/ports/mocks/transaction_repository.go:287.2,289.118 3 0
github.com/jailtonjunior94/financialcontrol-api/internal/modules/finance/domain/ports/mocks/transaction_repository.go:289.118,291.3 1 0
github.com/jailtonjunior94/financialcontrol-api/internal/modules/finance/domain/ports/mocks/transaction_repository.go:292.2,292.109 1 0
github.com/jailtonjunior94/financialcontrol-api/internal/modules/finance/domain/ports/mocks/transaction_repository.go:292.109,294.3 1 0
github.com/jailtonjunior94/financialcontrol-api/internal/modules/finance/domain/ports/mocks/transaction_repository.go:294.8,296.3 1 0
github.com/jailtonjunior94/financialcontrol-api/internal/modules/finance/domain/ports/mocks/transaction_repository.go:297.2,297.91 1 0
github.com/jailtonjunior94/financialcontrol-api/internal/modules/finance/domain/ports/mocks/transaction_repository.go:297.91,299.3 1 0
github.com/jailtonjunior94/financialcontrol-api/internal/modules/finance/domain/ports/mocks/transaction_repository.go:299.8,301.3 1 0
github.com/jailtonjunior94/financialcontrol-api/internal/modules/finance/domain/ports/mocks/transaction_repository.go:302.2,302.15 1 0
github.com/jailtonjunior94/financialcontrol-api/internal/modules/finance/domain/ports/mocks/transaction_repository.go:307.132,309.2 1 0
github.com/jailtonjunior94/financialcontrol-api/internal/modules/finance/domain/ports/mocks/transaction_repository.go:311.175,312.40 1 0
github.com/jailtonjunior94/financialcontrol-api/internal/modules/finance/domain/ports/mocks/transaction_repository.go:312.40,314.3 1 0
github.com/jailtonjunior94/financialcontrol-api/internal/modules/finance/domain/ports/mocks/transaction_repository.go:315.2,315.11 1 0
github.com/jailtonjunior94/financialcontrol-api/internal/modules/finance/domain/ports/mocks/transaction_repository.go:318.142,321.2 2 0
github.com/jailtonjunior94/financialcontrol-api/internal/modules/finance/domain/ports/mocks/transaction_repository.go:323.199,326.2 2 0
github.com/jailtonjunior94/financialcontrol-api/internal/modules/finance/domain/ports/mocks/transaction_repository.go:332.27,335.19 3 0
github.com/jailtonjunior94/financialcontrol-api/internal/modules/finance/domain/ports/mocks/transaction_repository.go:335.19,335.49 1 0
github.com/jailtonjunior94/financialcontrol-api/internal/modules/finance/domain/ports/mocks/transaction_repository.go:336.2,336.13 1 0
github.com/jailtonjunior94/financialcontrol-api/internal/modules/finance/infrastructure/clock/system_clock.go:8.36,8.61 1 0
github.com/jailtonjunior94/financialcontrol-api/internal/modules/finance/infrastructure/clock/system_clock.go:10.36,10.63 1 0
github.com/jailtonjunior94/financialcontrol-api/internal/modules/finance/infrastructure/http/routes/routes.go:19.3,36.2 12 0
github.com/jailtonjunior94/financialcontrol-api/internal/modules/finance/application/usecase/anticipate_installment.go:36.25,44.2 1 1
github.com/jailtonjunior94/financialcontrol-api/internal/modules/finance/application/usecase/anticipate_installment.go:46.180,48.16 2 1
github.com/jailtonjunior94/financialcontrol-api/internal/modules/finance/application/usecase/anticipate_installment.go:48.16,50.3 1 1
github.com/jailtonjunior94/financialcontrol-api/internal/modules/finance/application/usecase/anticipate_installment.go:52.2,53.16 2 1
github.com/jailtonjunior94/financialcontrol-api/internal/modules/finance/application/usecase/anticipate_installment.go:53.16,55.3 1 1
github.com/jailtonjunior94/financialcontrol-api/internal/modules/finance/application/usecase/anticipate_installment.go:56.2,57.31 2 1
github.com/jailtonjunior94/financialcontrol-api/internal/modules/finance/application/usecase/anticipate_installment.go:57.31,59.3 1 1
github.com/jailtonjunior94/financialcontrol-api/internal/modules/finance/application/usecase/anticipate_installment.go:60.2,62.24 2 1
github.com/jailtonjunior94/financialcontrol-api/internal/modules/finance/application/usecase/anticipate_installment.go:62.24,64.3 1 1
github.com/jailtonjunior94/financialcontrol-api/internal/modules/finance/application/usecase/anticipate_installment.go:66.2,67.16 2 1
github.com/jailtonjunior94/financialcontrol-api/internal/modules/finance/application/usecase/anticipate_installment.go:67.16,69.3 1 0
github.com/jailtonjunior94/financialcontrol-api/internal/modules/finance/application/usecase/anticipate_installment.go:71.2,72.73 2 1
github.com/jailtonjunior94/financialcontrol-api/internal/modules/finance/application/usecase/anticipate_installment.go:72.73,74.3 1 0
github.com/jailtonjunior94/financialcontrol-api/internal/modules/finance/application/usecase/anticipate_installment.go:76.2,76.65 1 1
github.com/jailtonjunior94/financialcontrol-api/internal/modules/finance/application/usecase/anticipate_installment.go:76.65,77.57 1 1
github.com/jailtonjunior94/financialcontrol-api/internal/modules/finance/application/usecase/anticipate_installment.go:77.57,79.4 1 0
github.com/jailtonjunior94/financialcontrol-api/internal/modules/finance/application/usecase/anticipate_installment.go:80.3,80.57 1 1
github.com/jailtonjunior94/financialcontrol-api/internal/modules/finance/application/usecase/anticipate_installment.go:82.2,82.16 1 1
github.com/jailtonjunior94/financialcontrol-api/internal/modules/finance/application/usecase/anticipate_installment.go:82.16,84.3 1 0
github.com/jailtonjunior94/financialcontrol-api/internal/modules/finance/application/usecase/anticipate_installment.go:86.2,86.39 1 1
github.com/jailtonjunior94/financialcontrol-api/internal/modules/finance/application/usecase/create_transaction.go:57.21,70.2 1 1
github.com/jailtonjunior94/financialcontrol-api/internal/modules/finance/application/usecase/create_transaction.go:72.178,74.16 2 1
github.com/jailtonjunior94/financialcontrol-api/internal/modules/finance/application/usecase/create_transaction.go:74.16,76.3 1 0
github.com/jailtonjunior94/financialcontrol-api/internal/modules/finance/application/usecase/create_transaction.go:78.2,79.16 2 1
github.com/jailtonjunior94/financialcontrol-api/internal/modules/finance/application/usecase/create_transaction.go:79.16,81.3 1 1
github.com/jailtonjunior94/financialcontrol-api/internal/modules/finance/application/usecase/create_transaction.go:82.2,82.16 1 1
github.com/jailtonjunior94/financialcontrol-api/internal/modules/finance/application/usecase/create_transaction.go:82.16,83.33 1 1
github.com/jailtonjunior94/financialcontrol-api/internal/modules/finance/application/usecase/create_transaction.go:83.33,85.4 1 1
github.com/jailtonjunior94/financialcontrol-api/internal/modules/finance/application/usecase/create_transaction.go:86.3,87.83 2 1
github.com/jailtonjunior94/financialcontrol-api/internal/modules/finance/application/usecase/create_transaction.go:87.83,89.4 1 0
github.com/jailtonjunior94/financialcontrol-api/internal/modules/finance/application/usecase/create_transaction.go:90.3,90.21 1 1
github.com/jailtonjunior94/financialcontrol-api/internal/modules/finance/application/usecase/create_transaction.go:93.2,94.16 2 1
github.com/jailtonjunior94/financialcontrol-api/internal/modules/finance/application/usecase/create_transaction.go:94.16,96.3 1 0
github.com/jailtonjunior94/financialcontrol-api/internal/modules/finance/application/usecase/create_transaction.go:97.2,98.16 2 1
github.com/jailtonjunior94/financialcontrol-api/internal/modules/finance/application/usecase/create_transaction.go:98.16,100.3 1 0
github.com/jailtonjunior94/financialcontrol-api/internal/modules/finance/application/usecase/create_transaction.go:101.2,102.16 2 1
github.com/jailtonjunior94/financialcontrol-api/internal/modules/finance/application/usecase/create_transaction.go:102.16,104.3 1 0
github.com/jailtonjunior94/financialcontrol-api/internal/modules/finance/application/usecase/create_transaction.go:105.2,106.16 2 1
github.com/jailtonjunior94/financialcontrol-api/internal/modules/finance/application/usecase/create_transaction.go:106.16,108.3 1 0
github.com/jailtonjunior94/financialcontrol-api/internal/modules/finance/application/usecase/create_transaction.go:110.2,111.16 2 1
github.com/jailtonjunior94/financialcontrol-api/internal/modules/finance/application/usecase/create_transaction.go:111.16,113.3 1 1
github.com/jailtonjunior94/financialcontrol-api/internal/modules/finance/application/usecase/create_transaction.go:115.2,115.83 1 1
github.com/jailtonjunior94/financialcontrol-api/internal/modules/finance/application/usecase/create_transaction.go:115.83,117.3 1 1
github.com/jailtonjunior94/financialcontrol-api/internal/modules/finance/application/usecase/create_transaction.go:119.2,120.16 2 1
github.com/jailtonjunior94/financialcontrol-api/internal/modules/finance/application/usecase/create_transaction.go:120.16,122.3 1 0
github.com/jailtonjunior94/financialcontrol-api/internal/modules/finance/application/usecase/create_transaction.go:124.2,138.16 2 1
github.com/jailtonjunior94/financialcontrol-api/internal/modules/finance/application/usecase/create_transaction.go:138.16,140.3 1 0
github.com/jailtonjunior94/financialcontrol-api/internal/modules/finance/application/usecase/create_transaction.go:142.2,143.16 2 1
github.com/jailtonjunior94/financialcontrol-api/internal/modules/finance/application/usecase/create_transaction.go:143.16,145.3 1 0
github.com/jailtonjunior94/financialcontrol-api/internal/modules/finance/application/usecase/create_transaction.go:146.2,150.16 4 1
github.com/jailtonjunior94/financialcontrol-api/internal/modules/finance/application/usecase/create_transaction.go:150.16,152.3 1 0
github.com/jailtonjunior94/financialcontrol-api/internal/modules/finance/application/usecase/create_transaction.go:154.2,155.65 2 1
github.com/jailtonjunior94/financialcontrol-api/internal/modules/finance/application/usecase/create_transaction.go:155.65,156.54 1 1
github.com/jailtonjunior94/financialcontrol-api/internal/modules/finance/application/usecase/create_transaction.go:156.54,158.4 1 0
github.com/jailtonjunior94/financialcontrol-api/internal/modules/finance/application/usecase/create_transaction.go:159.3,159.28 1 1
github.com/jailtonjunior94/financialcontrol-api/internal/modules/finance/application/usecase/create_transaction.go:159.28,160.76 1 1
github.com/jailtonjunior94/financialcontrol-api/internal/modules/finance/application/usecase/create_transaction.go:160.76,162.5 1 1
github.com/jailtonjunior94/financialcontrol-api/internal/modules/finance/application/usecase/create_transaction.go:164.3,173.5 1 1
github.com/jailtonjunior94/financialcontrol-api/internal/modules/finance/application/usecase/create_transaction.go:175.2,175.16 1 1
github.com/jailtonjunior94/financialcontrol-api/internal/modules/finance/application/usecase/create_transaction.go:175.16,177.3 1 1
github.com/jailtonjunior94/financialcontrol-api/internal/modules/finance/application/usecase/create_transaction.go:179.2,179.18 1 1
github.com/jailtonjunior94/financialcontrol-api/internal/modules/finance/application/usecase/create_transaction.go:182.173,183.24 1 1
github.com/jailtonjunior94/financialcontrol-api/internal/modules/finance/application/usecase/create_transaction.go:183.24,185.3 1 1
github.com/jailtonjunior94/financialcontrol-api/internal/modules/finance/application/usecase/create_transaction.go:186.2,186.22 1 1
github.com/jailtonjunior94/financialcontrol-api/internal/modules/finance/application/usecase/create_transaction.go:186.22,188.3 1 1
github.com/jailtonjunior94/financialcontrol-api/internal/modules/finance/application/usecase/create_transaction.go:189.2,190.16 2 1
github.com/jailtonjunior94/financialcontrol-api/internal/modules/finance/application/usecase/create_transaction.go:190.16,192.3 1 0
github.com/jailtonjunior94/financialcontrol-api/internal/modules/finance/application/usecase/create_transaction.go:193.2,194.16 2 1
github.com/jailtonjunior94/financialcontrol-api/internal/modules/finance/application/usecase/create_transaction.go:194.16,196.3 1 0
github.com/jailtonjunior94/financialcontrol-api/internal/modules/finance/application/usecase/create_transaction.go:197.2,197.16 1 1
github.com/jailtonjunior94/financialcontrol-api/internal/modules/finance/application/usecase/create_transaction.go:197.16,199.3 1 1
github.com/jailtonjunior94/financialcontrol-api/internal/modules/finance/application/usecase/create_transaction.go:200.2,200.22 1 1
github.com/jailtonjunior94/financialcontrol-api/internal/modules/finance/application/usecase/create_transaction.go:203.143,205.16 2 1
github.com/jailtonjunior94/financialcontrol-api/internal/modules/finance/application/usecase/create_transaction.go:205.16,207.3 1 0
github.com/jailtonjunior94/financialcontrol-api/internal/modules/finance/application/usecase/create_transaction.go:208.2,208.21 1 1
github.com/jailtonjunior94/financialcontrol-api/internal/modules/finance/application/usecase/create_transaction.go:208.21,210.3 1 1
github.com/jailtonjunior94/financialcontrol-api/internal/modules/finance/application/usecase/create_transaction.go:211.2,211.24 1 1
github.com/jailtonjunior94/financialcontrol-api/internal/modules/finance/application/usecase/create_transaction.go:211.24,213.3 1 1
github.com/jailtonjunior94/financialcontrol-api/internal/modules/finance/application/usecase/create_transaction.go:214.2,215.16 2 1
github.com/jailtonjunior94/financialcontrol-api/internal/modules/finance/application/usecase/create_transaction.go:215.16,217.3 1 0
github.com/jailtonjunior94/financialcontrol-api/internal/modules/finance/application/usecase/create_transaction.go:218.2,219.48 2 1
github.com/jailtonjunior94/financialcontrol-api/internal/modules/finance/application/usecase/create_transaction.go:219.48,221.3 1 1
github.com/jailtonjunior94/financialcontrol-api/internal/modules/finance/application/usecase/create_transaction.go:222.2,222.16 1 1
github.com/jailtonjunior94/financialcontrol-api/internal/modules/finance/application/usecase/create_transaction.go:222.16,224.3 1 0
github.com/jailtonjunior94/financialcontrol-api/internal/modules/finance/application/usecase/create_transaction.go:225.2,225.21 1 1
github.com/jailtonjunior94/financialcontrol-api/internal/modules/finance/application/usecase/create_transaction.go:225.21,227.3 1 1
github.com/jailtonjunior94/financialcontrol-api/internal/modules/finance/application/usecase/create_transaction.go:228.2,228.59 1 1
github.com/jailtonjunior94/financialcontrol-api/internal/modules/finance/application/usecase/create_transaction.go:228.59,230.3 1 1
github.com/jailtonjunior94/financialcontrol-api/internal/modules/finance/application/usecase/create_transaction.go:231.2,231.12 1 1
github.com/jailtonjunior94/financialcontrol-api/internal/modules/finance/application/usecase/create_transaction.go:244.36,245.27 1 1
github.com/jailtonjunior94/financialcontrol-api/internal/modules/finance/application/usecase/create_transaction.go:245.27,247.3 1 1
github.com/jailtonjunior94/financialcontrol-api/internal/modules/finance/application/usecase/create_transaction.go:248.2,249.16 2 1
github.com/jailtonjunior94/financialcontrol-api/internal/modules/finance/application/usecase/create_transaction.go:249.16,251.3 1 0
github.com/jailtonjunior94/financialcontrol-api/internal/modules/finance/application/usecase/create_transaction.go:252.2,254.54 2 1
github.com/jailtonjunior94/financialcontrol-api/internal/modules/finance/application/usecase/create_transaction.go:254.54,256.3 1 1
github.com/jailtonjunior94/financialcontrol-api/internal/modules/finance/application/usecase/create_transaction.go:257.2,257.115 1 1
github.com/jailtonjunior94/financialcontrol-api/internal/modules/finance/application/usecase/create_transaction.go:268.36,270.16 2 1
github.com/jailtonjunior94/financialcontrol-api/internal/modules/finance/application/usecase/create_transaction.go:270.16,272.3 1 0
github.com/jailtonjunior94/financialcontrol-api/internal/modules/finance/application/usecase/create_transaction.go:273.2,289.43 5 1
github.com/jailtonjunior94/financialcontrol-api/internal/modules/finance/application/usecase/create_transaction.go:301.36,303.16 2 1
github.com/jailtonjunior94/financialcontrol-api/internal/modules/finance/application/usecase/create_transaction.go:303.16,305.3 1 0
github.com/jailtonjunior94/financialcontrol-api/internal/modules/finance/application/usecase/create_transaction.go:306.2,309.30 4 1
github.com/jailtonjunior94/financialcontrol-api/internal/modules/finance/application/usecase/create_transaction.go:309.30,312.20 3 1
github.com/jailtonjunior94/financialcontrol-api/internal/modules/finance/application/usecase/create_transaction.go:312.20,314.4 1 0
github.com/jailtonjunior94/financialcontrol-api/internal/modules/finance/application/usecase/create_transaction.go:315.3,328.4 2 1
github.com/jailtonjunior94/financialcontrol-api/internal/modules/finance/application/usecase/create_transaction.go:330.2,330.26 1 1
github.com/jailtonjunior94/financialcontrol-api/internal/modules/finance/application/usecase/create_transaction.go:334.43,336.16 2 1
github.com/jailtonjunior94/financialcontrol-api/internal/modules/finance/application/usecase/create_transaction.go:336.16,338.3 1 0
github.com/jailtonjunior94/financialcontrol-api/internal/modules/finance/application/usecase/create_transaction.go:339.2,339.49 1 1
github.com/jailtonjunior94/financialcontrol-api/internal/modules/finance/application/usecase/create_transaction.go:343.68,344.16 1 1
github.com/jailtonjunior94/financialcontrol-api/internal/modules/finance/application/usecase/create_transaction.go:344.16,346.3 1 1
github.com/jailtonjunior94/financialcontrol-api/internal/modules/finance/application/usecase/create_transaction.go:347.2,348.16 2 1
github.com/jailtonjunior94/financialcontrol-api/internal/modules/finance/application/usecase/create_transaction.go:348.16,350.3 1 0
github.com/jailtonjunior94/financialcontrol-api/internal/modules/finance/application/usecase/create_transaction.go:351.2,351.18 1 1
github.com/jailtonjunior94/financialcontrol-api/internal/modules/finance/application/usecase/delete_transaction.go:32.21,39.2 1 1
github.com/jailtonjunior94/financialcontrol-api/internal/modules/finance/application/usecase/delete_transaction.go:41.115,43.16 2 1
github.com/jailtonjunior94/financialcontrol-api/internal/modules/finance/application/usecase/delete_transaction.go:43.16,45.3 1 1
github.com/jailtonjunior94/financialcontrol-api/internal/modules/finance/application/usecase/delete_transaction.go:47.2,48.16 2 1
github.com/jailtonjunior94/financialcontrol-api/internal/modules/finance/application/usecase/delete_transaction.go:48.16,50.3 1 1
github.com/jailtonjunior94/financialcontrol-api/internal/modules/finance/application/usecase/delete_transaction.go:52.2,53.16 2 1
github.com/jailtonjunior94/financialcontrol-api/internal/modules/finance/application/usecase/delete_transaction.go:53.16,55.3 1 1
github.com/jailtonjunior94/financialcontrol-api/internal/modules/finance/application/usecase/delete_transaction.go:57.2,58.71 2 1
github.com/jailtonjunior94/financialcontrol-api/internal/modules/finance/application/usecase/delete_transaction.go:58.71,60.3 1 1
github.com/jailtonjunior94/financialcontrol-api/internal/modules/finance/application/usecase/delete_transaction.go:62.2,62.66 1 1
github.com/jailtonjunior94/financialcontrol-api/internal/modules/finance/application/usecase/delete_transaction.go:62.66,63.66 1 1
github.com/jailtonjunior94/financialcontrol-api/internal/modules/finance/application/usecase/delete_transaction.go:63.66,65.4 1 0
github.com/jailtonjunior94/financialcontrol-api/internal/modules/finance/application/usecase/delete_transaction.go:66.3,66.61 1 1
github.com/jailtonjunior94/financialcontrol-api/internal/modules/finance/application/usecase/get_invoice.go:37.14,45.2 1 1
github.com/jailtonjunior94/financialcontrol-api/internal/modules/finance/application/usecase/get_invoice.go:47.139,49.16 2 1
github.com/jailtonjunior94/financialcontrol-api/internal/modules/finance/application/usecase/get_invoice.go:49.16,51.3 1 1
github.com/jailtonjunior94/financialcontrol-api/internal/modules/finance/application/usecase/get_invoice.go:53.2,55.22 3 1
github.com/jailtonjunior94/financialcontrol-api/internal/modules/finance/application/usecase/get_invoice.go:55.22,56.70 1 1
github.com/jailtonjunior94/financialcontrol-api/internal/modules/finance/application/usecase/get_invoice.go:56.70,58.4 1 1
github.com/jailtonjunior94/financialcontrol-api/internal/modules/finance/application/usecase/get_invoice.go:58.18,60.4 1 0
github.com/jailtonjunior94/financialcontrol-api/internal/modules/finance/application/usecase/get_invoice.go:63.2,64.16 2 1
github.com/jailtonjunior94/financialcontrol-api/internal/modules/finance/application/usecase/get_invoice.go:64.16,66.3 1 0
github.com/jailtonjunior94/financialcontrol-api/internal/modules/finance/application/usecase/get_invoice.go:68.2,69.23 2 1
github.com/jailtonjunior94/financialcontrol-api/internal/modules/finance/application/usecase/get_invoice.go:69.23,71.3 1 1
github.com/jailtonjunior94/financialcontrol-api/internal/modules/finance/application/usecase/get_invoice.go:73.2,76.8 1 1
github.com/jailtonjunior94/financialcontrol-api/internal/modules/finance/application/usecase/get_transaction.go:27.18,29.2 1 1
github.com/jailtonjunior94/financialcontrol-api/internal/modules/finance/application/usecase/get_transaction.go:31.140,33.16 2 1
github.com/jailtonjunior94/financialcontrol-api/internal/modules/finance/application/usecase/get_transaction.go:33.16,35.3 1 1
github.com/jailtonjunior94/financialcontrol-api/internal/modules/finance/application/usecase/get_transaction.go:37.2,38.16 2 1
github.com/jailtonjunior94/financialcontrol-api/internal/modules/finance/application/usecase/get_transaction.go:38.16,40.3 1 0
github.com/jailtonjunior94/financialcontrol-api/internal/modules/finance/application/usecase/get_transaction.go:41.2,42.23 2 1
github.com/jailtonjunior94/financialcontrol-api/internal/modules/finance/application/usecase/get_transaction.go:42.23,44.3 1 0
github.com/jailtonjunior94/financialcontrol-api/internal/modules/finance/application/usecase/get_transaction.go:45.2,47.39 2 1
github.com/jailtonjunior94/financialcontrol-api/internal/modules/finance/application/usecase/list_invoices.go:35.16,42.2 1 1
github.com/jailtonjunior94/financialcontrol-api/internal/modules/finance/application/usecase/list_invoices.go:44.159,46.16 2 1
github.com/jailtonjunior94/financialcontrol-api/internal/modules/finance/application/usecase/list_invoices.go:46.16,48.3 1 0
github.com/jailtonjunior94/financialcontrol-api/internal/modules/finance/application/usecase/list_invoices.go:50.2,51.22 2 1
github.com/jailtonjunior94/financialcontrol-api/internal/modules/finance/application/usecase/list_invoices.go:51.22,53.3 1 1
github.com/jailtonjunior94/financialcontrol-api/internal/modules/finance/application/usecase/list_invoices.go:55.2,57.22 3 1
github.com/jailtonjunior94/financialcontrol-api/internal/modules/finance/application/usecase/list_invoices.go:57.22,58.70 1 1
github.com/jailtonjunior94/financialcontrol-api/internal/modules/finance/application/usecase/list_invoices.go:58.70,59.32 1 1
github.com/jailtonjunior94/financialcontrol-api/internal/modules/finance/application/usecase/list_invoices.go:59.32,60.61 1 1
github.com/jailtonjunior94/financialcontrol-api/internal/modules/finance/application/usecase/list_invoices.go:60.61,62.6 1 0
github.com/jailtonjunior94/financialcontrol-api/internal/modules/finance/application/usecase/list_invoices.go:64.4,64.14 1 1
github.com/jailtonjunior94/financialcontrol-api/internal/modules/finance/application/usecase/list_invoices.go:65.18,67.4 1 0
github.com/jailtonjunior94/financialcontrol-api/internal/modules/finance/application/usecase/list_invoices.go:70.2,71.22 2 1
github.com/jailtonjunior94/financialcontrol-api/internal/modules/finance/application/usecase/list_invoices.go:71.22,73.3 1 1
github.com/jailtonjunior94/financialcontrol-api/internal/modules/finance/application/usecase/list_invoices.go:74.2,79.8 1 1
github.com/jailtonjunior94/financialcontrol-api/internal/modules/finance/application/usecase/list_transactions.go:38.20,46.2 1 1
github.com/jailtonjunior94/financialcontrol-api/internal/modules/finance/application/usecase/list_transactions.go:48.171,52.19 3 1
github.com/jailtonjunior94/financialcontrol-api/internal/modules/finance/application/usecase/list_transactions.go:52.19,54.3 1 0
github.com/jailtonjunior94/financialcontrol-api/internal/modules/finance/application/usecase/list_transactions.go:55.2,56.16 2 1
github.com/jailtonjunior94/financialcontrol-api/internal/modules/finance/application/usecase/list_transactions.go:56.16,58.3 1 0
github.com/jailtonjunior94/financialcontrol-api/internal/modules/finance/application/usecase/list_transactions.go:59.2,60.16 2 1
github.com/jailtonjunior94/financialcontrol-api/internal/modules/finance/application/usecase/list_transactions.go:60.16,62.3 1 1
github.com/jailtonjunior94/financialcontrol-api/internal/modules/finance/application/usecase/list_transactions.go:63.2,64.30 2 1
github.com/jailtonjunior94/financialcontrol-api/internal/modules/finance/application/usecase/list_transactions.go:64.30,66.3 1 1
github.com/jailtonjunior94/financialcontrol-api/internal/modules/finance/application/usecase/list_transactions.go:67.2,69.22 2 1
github.com/jailtonjunior94/financialcontrol-api/internal/modules/finance/application/usecase/list_transactions.go:69.22,70.70 1 1
github.com/jailtonjunior94/financialcontrol-api/internal/modules/finance/application/usecase/list_transactions.go:70.70,71.32 1 1
github.com/jailtonjunior94/financialcontrol-api/internal/modules/finance/application/usecase/list_transactions.go:71.32,72.61 1 1
github.com/jailtonjunior94/financialcontrol-api/internal/modules/finance/application/usecase/list_transactions.go:72.61,74.6 1 1
github.com/jailtonjunior94/financialcontrol-api/internal/modules/finance/application/usecase/list_transactions.go:76.4,76.14 1 1
github.com/jailtonjunior94/financialcontrol-api/internal/modules/finance/application/usecase/list_transactions.go:77.18,79.4 1 1
github.com/jailtonjunior94/financialcontrol-api/internal/modules/finance/application/usecase/list_transactions.go:82.2,83.16 2 1
github.com/jailtonjunior94/financialcontrol-api/internal/modules/finance/application/usecase/list_transactions.go:83.16,85.3 1 0
github.com/jailtonjunior94/financialcontrol-api/internal/modules/finance/application/usecase/list_transactions.go:87.2,88.21 2 1
github.com/jailtonjunior94/financialcontrol-api/internal/modules/finance/application/usecase/list_transactions.go:88.21,90.3 1 1
github.com/jailtonjunior94/financialcontrol-api/internal/modules/finance/application/usecase/list_transactions.go:91.2,96.8 1 1
github.com/jailtonjunior94/financialcontrol-api/internal/modules/finance/application/usecase/list_transactions.go:99.53,99.66 1 1
github.com/jailtonjunior94/financialcontrol-api/internal/modules/finance/application/usecase/mappers.go:8.78,21.23 2 1
github.com/jailtonjunior94/financialcontrol-api/internal/modules/finance/application/usecase/mappers.go:21.23,24.3 2 1
github.com/jailtonjunior94/financialcontrol-api/internal/modules/finance/application/usecase/mappers.go:25.2,25.30 1 1
github.com/jailtonjunior94/financialcontrol-api/internal/modules/finance/application/usecase/mappers.go:25.30,28.3 2 1
github.com/jailtonjunior94/financialcontrol-api/internal/modules/finance/application/usecase/mappers.go:29.2,29.38 1 1
github.com/jailtonjunior94/financialcontrol-api/internal/modules/finance/application/usecase/mappers.go:29.38,32.3 2 1
github.com/jailtonjunior94/financialcontrol-api/internal/modules/finance/application/usecase/mappers.go:33.2,33.40 1 1
github.com/jailtonjunior94/financialcontrol-api/internal/modules/finance/application/usecase/mappers.go:33.40,35.3 1 1
github.com/jailtonjunior94/financialcontrol-api/internal/modules/finance/application/usecase/mappers.go:36.2,36.13 1 1
github.com/jailtonjunior94/financialcontrol-api/internal/modules/finance/application/usecase/mappers.go:39.78,51.2 1 1
github.com/jailtonjunior94/financialcontrol-api/internal/modules/finance/application/usecase/mappers.go:53.68,68.2 1 1
github.com/jailtonjunior94/financialcontrol-api/internal/modules/finance/application/usecase/mappers.go:70.81,79.2 1 1
github.com/jailtonjunior94/financialcontrol-api/internal/modules/finance/application/usecase/monthly_summary.go:28.18,34.2 1 1
github.com/jailtonjunior94/financialcontrol-api/internal/modules/finance/application/usecase/monthly_summary.go:36.138,38.16 2 1
github.com/jailtonjunior94/financialcontrol-api/internal/modules/finance/application/usecase/monthly_summary.go:38.16,40.3 1 1
github.com/jailtonjunior94/financialcontrol-api/internal/modules/finance/application/usecase/monthly_summary.go:42.2,43.16 2 1
github.com/jailtonjunior94/financialcontrol-api/internal/modules/finance/application/usecase/monthly_summary.go:43.16,45.3 1 1
github.com/jailtonjunior94/financialcontrol-api/internal/modules/finance/application/usecase/monthly_summary.go:47.2,48.16 2 1
github.com/jailtonjunior94/financialcontrol-api/internal/modules/finance/application/usecase/monthly_summary.go:48.16,50.3 1 0
github.com/jailtonjunior94/financialcontrol-api/internal/modules/finance/application/usecase/monthly_summary.go:52.2,53.16 2 1
github.com/jailtonjunior94/financialcontrol-api/internal/modules/finance/application/usecase/monthly_summary.go:53.16,55.3 1 0
github.com/jailtonjunior94/financialcontrol-api/internal/modules/finance/application/usecase/monthly_summary.go:58.2,74.8 3 1
github.com/jailtonjunior94/financialcontrol-api/internal/modules/finance/application/usecase/monthly_summary.go:77.39,77.60 1 1
github.com/jailtonjunior94/financialcontrol-api/internal/modules/finance/application/usecase/pay_invoice.go:31.14,37.2 1 1
github.com/jailtonjunior94/financialcontrol-api/internal/modules/finance/application/usecase/pay_invoice.go:39.161,41.16 2 1
github.com/jailtonjunior94/financialcontrol-api/internal/modules/finance/application/usecase/pay_invoice.go:41.16,43.3 1 1
github.com/jailtonjunior94/financialcontrol-api/internal/modules/finance/application/usecase/pay_invoice.go:45.2,46.42 2 1
github.com/jailtonjunior94/financialcontrol-api/internal/modules/finance/application/usecase/pay_invoice.go:46.42,48.3 1 1
github.com/jailtonjunior94/financialcontrol-api/internal/modules/finance/application/usecase/pay_invoice.go:50.2,50.65 1 1
github.com/jailtonjunior94/financialcontrol-api/internal/modules/finance/application/usecase/pay_invoice.go:50.65,52.3 1 1
github.com/jailtonjunior94/financialcontrol-api/internal/modules/finance/application/usecase/pay_invoice.go:53.2,53.16 1 1
github.com/jailtonjunior94/financialcontrol-api/internal/modules/finance/application/usecase/pay_invoice.go:53.16,55.3 1 0
github.com/jailtonjunior94/financialcontrol-api/internal/modules/finance/application/usecase/pay_invoice.go:57.2,57.36 1 1
github.com/jailtonjunior94/financialcontrol-api/internal/modules/finance/application/usecase/refund_transaction.go:36.21,44.2 1 1
github.com/jailtonjunior94/financialcontrol-api/internal/modules/finance/application/usecase/refund_transaction.go:46.178,48.16 2 1
github.com/jailtonjunior94/financialcontrol-api/internal/modules/finance/application/usecase/refund_transaction.go:48.16,50.3 1 1
github.com/jailtonjunior94/financialcontrol-api/internal/modules/finance/application/usecase/refund_transaction.go:52.2,53.16 2 1
github.com/jailtonjunior94/financialcontrol-api/internal/modules/finance/application/usecase/refund_transaction.go:53.16,55.3 1 1
github.com/jailtonjunior94/financialcontrol-api/internal/modules/finance/application/usecase/refund_transaction.go:57.2,58.30 2 1
github.com/jailtonjunior94/financialcontrol-api/internal/modules/finance/application/usecase/refund_transaction.go:58.30,60.19 2 1
github.com/jailtonjunior94/financialcontrol-api/internal/modules/finance/application/usecase/refund_transaction.go:60.19,62.4 1 1
github.com/jailtonjunior94/financialcontrol-api/internal/modules/finance/application/usecase/refund_transaction.go:63.3,63.31 1 1
github.com/jailtonjunior94/financialcontrol-api/internal/modules/finance/application/usecase/refund_transaction.go:65.2,68.16 3 1
github.com/jailtonjunior94/financialcontrol-api/internal/modules/finance/application/usecase/refund_transaction.go:68.16,70.3 1 1
github.com/jailtonjunior94/financialcontrol-api/internal/modules/finance/application/usecase/refund_transaction.go:72.2,72.65 1 1
github.com/jailtonjunior94/financialcontrol-api/internal/modules/finance/application/usecase/refund_transaction.go:72.65,74.3 1 1
github.com/jailtonjunior94/financialcontrol-api/internal/modules/finance/application/usecase/refund_transaction.go:75.2,75.16 1 1
github.com/jailtonjunior94/financialcontrol-api/internal/modules/finance/application/usecase/refund_transaction.go:75.16,77.3 1 0
github.com/jailtonjunior94/financialcontrol-api/internal/modules/finance/application/usecase/refund_transaction.go:79.2,79.43 1 1
github.com/jailtonjunior94/financialcontrol-api/internal/modules/finance/application/usecase/update_transaction.go:48.21,60.2 1 1
github.com/jailtonjunior94/financialcontrol-api/internal/modules/finance/application/usecase/update_transaction.go:62.178,64.16 2 1
github.com/jailtonjunior94/financialcontrol-api/internal/modules/finance/application/usecase/update_transaction.go:64.16,66.3 1 1
github.com/jailtonjunior94/financialcontrol-api/internal/modules/finance/application/usecase/update_transaction.go:68.2,69.16 2 1
github.com/jailtonjunior94/financialcontrol-api/internal/modules/finance/application/usecase/update_transaction.go:69.16,71.3 1 1
github.com/jailtonjunior94/financialcontrol-api/internal/modules/finance/application/usecase/update_transaction.go:72.2,73.31 2 1
github.com/jailtonjunior94/financialcontrol-api/internal/modules/finance/application/usecase/update_transaction.go:73.31,75.3 1 0
github.com/jailtonjunior94/financialcontrol-api/internal/modules/finance/application/usecase/update_transaction.go:76.2,79.16 3 1
github.com/jailtonjunior94/financialcontrol-api/internal/modules/finance/application/usecase/update_transaction.go:79.16,81.3 1 0
github.com/jailtonjunior94/financialcontrol-api/internal/modules/finance/application/usecase/update_transaction.go:82.2,83.16 2 1
github.com/jailtonjunior94/financialcontrol-api/internal/modules/finance/application/usecase/update_transaction.go:83.16,85.3 1 0
github.com/jailtonjunior94/financialcontrol-api/internal/modules/finance/application/usecase/update_transaction.go:86.2,87.16 2 1
github.com/jailtonjunior94/financialcontrol-api/internal/modules/finance/application/usecase/update_transaction.go:87.16,89.3 1 0
github.com/jailtonjunior94/financialcontrol-api/internal/modules/finance/application/usecase/update_transaction.go:90.2,91.16 2 1
github.com/jailtonjunior94/financialcontrol-api/internal/modules/finance/application/usecase/update_transaction.go:91.16,93.3 1 0
github.com/jailtonjunior94/financialcontrol-api/internal/modules/finance/application/usecase/update_transaction.go:95.2,96.16 2 1
github.com/jailtonjunior94/financialcontrol-api/internal/modules/finance/application/usecase/update_transaction.go:96.16,98.3 1 1
github.com/jailtonjunior94/financialcontrol-api/internal/modules/finance/application/usecase/update_transaction.go:100.2,100.89 1 1
github.com/jailtonjunior94/financialcontrol-api/internal/modules/finance/application/usecase/update_transaction.go:100.89,102.3 1 1
github.com/jailtonjunior94/financialcontrol-api/internal/modules/finance/application/usecase/update_transaction.go:104.2,105.16 2 1
github.com/jailtonjunior94/financialcontrol-api/internal/modules/finance/application/usecase/update_transaction.go:105.16,107.3 1 0
github.com/jailtonjunior94/financialcontrol-api/internal/modules/finance/application/usecase/update_transaction.go:109.2,113.54 4 1
github.com/jailtonjunior94/financialcontrol-api/internal/modules/finance/application/usecase/update_transaction.go:113.54,115.17 2 1
github.com/jailtonjunior94/financialcontrol-api/internal/modules/finance/application/usecase/update_transaction.go:115.17,117.4 1 0
github.com/jailtonjunior94/financialcontrol-api/internal/modules/finance/application/usecase/update_transaction.go:120.2,132.72 2 1
github.com/jailtonjunior94/financialcontrol-api/internal/modules/finance/application/usecase/update_transaction.go:132.72,134.3 1 0
github.com/jailtonjunior94/financialcontrol-api/internal/modules/finance/application/usecase/update_transaction.go:136.2,136.65 1 1
github.com/jailtonjunior94/financialcontrol-api/internal/modules/finance/application/usecase/update_transaction.go:136.65,137.57 1 1
github.com/jailtonjunior94/financialcontrol-api/internal/modules/finance/application/usecase/update_transaction.go:137.57,139.4 1 0
github.com/jailtonjunior94/financialcontrol-api/internal/modules/finance/application/usecase/update_transaction.go:140.3,141.42 2 1
github.com/jailtonjunior94/financialcontrol-api/internal/modules/finance/application/usecase/update_transaction.go:141.42,142.24 1 1
github.com/jailtonjunior94/financialcontrol-api/internal/modules/finance/application/usecase/update_transaction.go:142.24,144.5 1 0
github.com/jailtonjunior94/financialcontrol-api/internal/modules/finance/application/usecase/update_transaction.go:144.10,146.5 1 1
github.com/jailtonjunior94/financialcontrol-api/internal/modules/finance/application/usecase/update_transaction.go:148.3,148.24 1 1
github.com/jailtonjunior94/financialcontrol-api/internal/modules/finance/application/usecase/update_transaction.go:148.24,149.71 1 0
github.com/jailtonjunior94/financialcontrol-api/internal/modules/finance/application/usecase/update_transaction.go:149.71,151.5 1 0
github.com/jailtonjunior94/financialcontrol-api/internal/modules/finance/application/usecase/update_transaction.go:153.3,153.24 1 1
github.com/jailtonjunior94/financialcontrol-api/internal/modules/finance/application/usecase/update_transaction.go:153.24,154.68 1 1
github.com/jailtonjunior94/financialcontrol-api/internal/modules/finance/application/usecase/update_transaction.go:154.68,156.5 1 0
github.com/jailtonjunior94/financialcontrol-api/internal/modules/finance/application/usecase/update_transaction.go:158.3,158.13 1 1
github.com/jailtonjunior94/financialcontrol-api/internal/modules/finance/application/usecase/update_transaction.go:160.2,160.16 1 1
github.com/jailtonjunior94/financialcontrol-api/internal/modules/finance/application/usecase/update_transaction.go:160.16,162.3 1 0
github.com/jailtonjunior94/financialcontrol-api/internal/modules/finance/application/usecase/update_transaction.go:164.2,164.39 1 1
github.com/jailtonjunior94/financialcontrol-api/internal/modules/finance/application/usecase/update_transaction.go:167.179,168.24 1 1
github.com/jailtonjunior94/financialcontrol-api/internal/modules/finance/application/usecase/update_transaction.go:168.24,170.3 1 1
github.com/jailtonjunior94/financialcontrol-api/internal/modules/finance/application/usecase/update_transaction.go:171.2,171.22 1 1
github.com/jailtonjunior94/financialcontrol-api/internal/modules/finance/application/usecase/update_transaction.go:171.22,173.3 1 1
github.com/jailtonjunior94/financialcontrol-api/internal/modules/finance/application/usecase/update_transaction.go:174.2,175.16 2 1
github.com/jailtonjunior94/financialcontrol-api/internal/modules/finance/application/usecase/update_transaction.go:175.16,177.3 1 0
github.com/jailtonjunior94/financialcontrol-api/internal/modules/finance/application/usecase/update_transaction.go:178.2,179.16 2 1
github.com/jailtonjunior94/financialcontrol-api/internal/modules/finance/application/usecase/update_transaction.go:179.16,181.3 1 0
github.com/jailtonjunior94/financialcontrol-api/internal/modules/finance/application/usecase/update_transaction.go:182.2,182.16 1 1
github.com/jailtonjunior94/financialcontrol-api/internal/modules/finance/application/usecase/update_transaction.go:182.16,184.3 1 1
github.com/jailtonjunior94/financialcontrol-api/internal/modules/finance/application/usecase/update_transaction.go:185.2,185.22 1 1
github.com/jailtonjunior94/financialcontrol-api/internal/modules/finance/application/usecase/update_transaction.go:188.149,190.16 2 1
github.com/jailtonjunior94/financialcontrol-api/internal/modules/finance/application/usecase/update_transaction.go:190.16,192.3 1 0
github.com/jailtonjunior94/financialcontrol-api/internal/modules/finance/application/usecase/update_transaction.go:193.2,193.21 1 1
github.com/jailtonjunior94/financialcontrol-api/internal/modules/finance/application/usecase/update_transaction.go:193.21,195.3 1 1
github.com/jailtonjunior94/financialcontrol-api/internal/modules/finance/application/usecase/update_transaction.go:196.2,196.24 1 1
github.com/jailtonjunior94/financialcontrol-api/internal/modules/finance/application/usecase/update_transaction.go:196.24,198.3 1 1
github.com/jailtonjunior94/financialcontrol-api/internal/modules/finance/application/usecase/update_transaction.go:199.2,200.16 2 1
github.com/jailtonjunior94/financialcontrol-api/internal/modules/finance/application/usecase/update_transaction.go:200.16,202.3 1 0
github.com/jailtonjunior94/financialcontrol-api/internal/modules/finance/application/usecase/update_transaction.go:203.2,204.16 2 1
github.com/jailtonjunior94/financialcontrol-api/internal/modules/finance/application/usecase/update_transaction.go:204.16,206.3 1 1
github.com/jailtonjunior94/financialcontrol-api/internal/modules/finance/application/usecase/update_transaction.go:207.2,207.21 1 1
github.com/jailtonjunior94/financialcontrol-api/internal/modules/finance/application/usecase/update_transaction.go:207.21,209.3 1 1
github.com/jailtonjunior94/financialcontrol-api/internal/modules/finance/application/usecase/update_transaction.go:210.2,210.59 1 1
github.com/jailtonjunior94/financialcontrol-api/internal/modules/finance/application/usecase/update_transaction.go:210.59,212.3 1 1
github.com/jailtonjunior94/financialcontrol-api/internal/modules/finance/application/usecase/update_transaction.go:213.2,213.12 1 1
github.com/jailtonjunior94/financialcontrol-api/internal/modules/finance/application/usecase/update_transaction.go:225.49,227.16 2 1
github.com/jailtonjunior94/financialcontrol-api/internal/modules/finance/application/usecase/update_transaction.go:227.16,229.3 1 0
github.com/jailtonjunior94/financialcontrol-api/internal/modules/finance/application/usecase/update_transaction.go:230.2,233.16 3 1
github.com/jailtonjunior94/financialcontrol-api/internal/modules/finance/application/usecase/update_transaction.go:233.16,235.3 1 0
github.com/jailtonjunior94/financialcontrol-api/internal/modules/finance/application/usecase/update_transaction.go:236.2,239.25 3 1
github.com/jailtonjunior94/financialcontrol-api/internal/modules/finance/application/usecase/update_transaction.go:239.25,242.20 3 1
github.com/jailtonjunior94/financialcontrol-api/internal/modules/finance/application/usecase/update_transaction.go:242.20,244.4 1 0
github.com/jailtonjunior94/financialcontrol-api/internal/modules/finance/application/usecase/update_transaction.go:245.3,245.33 1 1
github.com/jailtonjunior94/financialcontrol-api/internal/modules/finance/application/usecase/update_transaction.go:248.2,250.32 3 1
github.com/jailtonjunior94/financialcontrol-api/internal/modules/finance/application/usecase/update_transaction.go:259.109,261.2 1 1
github.com/jailtonjunior94/financialcontrol-api/internal/modules/finance/application/usecase/update_transaction.go:268.78,270.9 2 1
github.com/jailtonjunior94/financialcontrol-api/internal/modules/finance/application/usecase/update_transaction.go:270.9,272.3 1 0
github.com/jailtonjunior94/financialcontrol-api/internal/modules/finance/application/usecase/update_transaction.go:273.2,273.16 1 1
github.com/jailtonjunior94/financialcontrol-api/internal/modules/finance/infrastructure/idempotency/mocks/idempotency_repository.go:24.75,26.2 1 0
github.com/jailtonjunior94/financialcontrol-api/internal/modules/finance/infrastructure/idempotency/mocks/idempotency_repository.go:28.144,30.19 2 0
github.com/jailtonjunior94/financialcontrol-api/internal/modules/finance/infrastructure/idempotency/mocks/idempotency_repository.go:30.19,31.45 1 0
github.com/jailtonjunior94/financialcontrol-api/internal/modules/finance/infrastructure/idempotency/mocks/idempotency_repository.go:33.2,35.126 3 0
github.com/jailtonjunior94/financialcontrol-api/internal/modules/finance/infrastructure/idempotency/mocks/idempotency_repository.go:35.126,37.3 1 0
github.com/jailtonjunior94/financialcontrol-api/internal/modules/finance/infrastructure/idempotency/mocks/idempotency_repository.go:38.2,38.117 1 0
github.com/jailtonjunior94/financialcontrol-api/internal/modules/finance/infrastructure/idempotency/mocks/idempotency_repository.go:38.117,40.3 1 0
github.com/jailtonjunior94/financialcontrol-api/internal/modules/finance/infrastructure/idempotency/mocks/idempotency_repository.go:40.8,40.30 1 0
github.com/jailtonjunior94/financialcontrol-api/internal/modules/finance/infrastructure/idempotency/mocks/idempotency_repository.go:40.30,42.3 1 0
github.com/jailtonjunior94/financialcontrol-api/internal/modules/finance/infrastructure/idempotency/mocks/idempotency_repository.go:43.2,43.95 1 0
github.com/jailtonjunior94/financialcontrol-api/internal/modules/finance/infrastructure/idempotency/mocks/idempotency_repository.go:43.95,45.3 1 0
github.com/jailtonjunior94/financialcontrol-api/internal/modules/finance/infrastructure/idempotency/mocks/idempotency_repository.go:45.8,47.3 1 0
github.com/jailtonjunior94/financialcontrol-api/internal/modules/finance/infrastructure/idempotency/mocks/idempotency_repository.go:48.2,48.15 1 0
github.com/jailtonjunior94/financialcontrol-api/internal/modules/finance/infrastructure/idempotency/mocks/idempotency_repository.go:53.119,55.2 1 0
github.com/jailtonjunior94/financialcontrol-api/internal/modules/finance/infrastructure/idempotency/mocks/idempotency_repository.go:57.158,58.40 1 0
github.com/jailtonjunior94/financialcontrol-api/internal/modules/finance/infrastructure/idempotency/mocks/idempotency_repository.go:58.40,60.3 1 0
github.com/jailtonjunior94/financialcontrol-api/internal/modules/finance/infrastructure/idempotency/mocks/idempotency_repository.go:61.2,61.11 1 0
github.com/jailtonjunior94/financialcontrol-api/internal/modules/finance/infrastructure/idempotency/mocks/idempotency_repository.go:64.126,67.2 2 0
github.com/jailtonjunior94/financialcontrol-api/internal/modules/finance/infrastructure/idempotency/mocks/idempotency_repository.go:69.187,72.2 2 0
github.com/jailtonjunior94/financialcontrol-api/internal/modules/finance/infrastructure/idempotency/mocks/idempotency_repository.go:74.101,76.19 2 0
github.com/jailtonjunior94/financialcontrol-api/internal/modules/finance/infrastructure/idempotency/mocks/idempotency_repository.go:76.19,77.46 1 0
github.com/jailtonjunior94/financialcontrol-api/internal/modules/finance/infrastructure/idempotency/mocks/idempotency_repository.go:79.2,80.91 2 0
github.com/jailtonjunior94/financialcontrol-api/internal/modules/finance/infrastructure/idempotency/mocks/idempotency_repository.go:80.91,82.3 1 0
github.com/jailtonjunior94/financialcontrol-api/internal/modules/finance/infrastructure/idempotency/mocks/idempotency_repository.go:82.8,84.3 1 0
github.com/jailtonjunior94/financialcontrol-api/internal/modules/finance/infrastructure/idempotency/mocks/idempotency_repository.go:85.2,85.11 1 0
github.com/jailtonjunior94/financialcontrol-api/internal/modules/finance/infrastructure/idempotency/mocks/idempotency_repository.go:90.103,92.2 1 0
github.com/jailtonjunior94/financialcontrol-api/internal/modules/finance/infrastructure/idempotency/mocks/idempotency_repository.go:94.147,95.40 1 0
github.com/jailtonjunior94/financialcontrol-api/internal/modules/finance/infrastructure/idempotency/mocks/idempotency_repository.go:95.40,97.3 1 0
github.com/jailtonjunior94/financialcontrol-api/internal/modules/finance/infrastructure/idempotency/mocks/idempotency_repository.go:98.2,98.11 1 0
github.com/jailtonjunior94/financialcontrol-api/internal/modules/finance/infrastructure/idempotency/mocks/idempotency_repository.go:101.95,104.2 2 0
github.com/jailtonjunior94/financialcontrol-api/internal/modules/finance/infrastructure/idempotency/mocks/idempotency_repository.go:106.154,109.2 2 0
github.com/jailtonjunior94/financialcontrol-api/internal/modules/finance/infrastructure/idempotency/mocks/idempotency_repository.go:111.98,113.19 2 0
github.com/jailtonjunior94/financialcontrol-api/internal/modules/finance/infrastructure/idempotency/mocks/idempotency_repository.go:113.19,114.54 1 0
github.com/jailtonjunior94/financialcontrol-api/internal/modules/finance/infrastructure/idempotency/mocks/idempotency_repository.go:116.2,118.80 3 0
github.com/jailtonjunior94/financialcontrol-api/internal/modules/finance/infrastructure/idempotency/mocks/idempotency_repository.go:118.80,120.3 1 0
github.com/jailtonjunior94/financialcontrol-api/internal/modules/finance/infrastructure/idempotency/mocks/idempotency_repository.go:121.2,121.71 1 0
github.com/jailtonjunior94/financialcontrol-api/internal/modules/finance/infrastructure/idempotency/mocks/idempotency_repository.go:121.71,123.3 1 0
github.com/jailtonjunior94/financialcontrol-api/internal/modules/finance/infrastructure/idempotency/mocks/idempotency_repository.go:123.8,125.3 1 0
github.com/jailtonjunior94/financialcontrol-api/internal/modules/finance/infrastructure/idempotency/mocks/idempotency_repository.go:126.2,126.71 1 0
github.com/jailtonjunior94/financialcontrol-api/internal/modules/finance/infrastructure/idempotency/mocks/idempotency_repository.go:126.71,128.3 1 0
github.com/jailtonjunior94/financialcontrol-api/internal/modules/finance/infrastructure/idempotency/mocks/idempotency_repository.go:128.8,130.3 1 0
github.com/jailtonjunior94/financialcontrol-api/internal/modules/finance/infrastructure/idempotency/mocks/idempotency_repository.go:131.2,131.15 1 0
github.com/jailtonjunior94/financialcontrol-api/internal/modules/finance/infrastructure/idempotency/mocks/idempotency_repository.go:136.119,138.2 1 0
github.com/jailtonjunior94/financialcontrol-api/internal/modules/finance/infrastructure/idempotency/mocks/idempotency_repository.go:140.143,141.40 1 0
github.com/jailtonjunior94/financialcontrol-api/internal/modules/finance/infrastructure/idempotency/mocks/idempotency_repository.go:141.40,141.95 1 0
github.com/jailtonjunior94/financialcontrol-api/internal/modules/finance/infrastructure/idempotency/mocks/idempotency_repository.go:142.2,142.11 1 0
github.com/jailtonjunior94/financialcontrol-api/internal/modules/finance/infrastructure/idempotency/mocks/idempotency_repository.go:145.122,148.2 2 0
github.com/jailtonjunior94/financialcontrol-api/internal/modules/finance/infrastructure/idempotency/mocks/idempotency_repository.go:150.159,153.2 2 0
github.com/jailtonjunior94/financialcontrol-api/internal/modules/finance/infrastructure/idempotency/mocks/idempotency_repository.go:159.27,162.19 3 0
github.com/jailtonjunior94/financialcontrol-api/internal/modules/finance/infrastructure/idempotency/mocks/idempotency_repository.go:162.19,162.49 1 0
github.com/jailtonjunior94/financialcontrol-api/internal/modules/finance/infrastructure/idempotency/mocks/idempotency_repository.go:163.2,163.13 1 0
github.com/jailtonjunior94/financialcontrol-api/internal/modules/finance/infrastructure/idgen/uuid_generator.go:15.40,15.67 1 0
github.com/jailtonjunior94/financialcontrol-api/internal/modules/finance/infrastructure/idgen/uuid_generator.go:17.59,19.2 1 0
github.com/jailtonjunior94/financialcontrol-api/internal/modules/finance/infrastructure/idgen/uuid_generator.go:21.59,23.2 1 0
github.com/jailtonjunior94/financialcontrol-api/internal/modules/finance/infrastructure/idgen/uuid_generator.go:25.51,27.2 1 0
github.com/jailtonjunior94/financialcontrol-api/internal/modules/finance/domain/entities/installment.go:34.16,46.2 1 1
github.com/jailtonjunior94/financialcontrol-api/internal/modules/finance/domain/entities/installment.go:61.16,75.2 1 1
github.com/jailtonjunior94/financialcontrol-api/internal/modules/finance/domain/entities/installment.go:79.113,83.2 3 1
github.com/jailtonjunior94/financialcontrol-api/internal/modules/finance/domain/entities/installment.go:85.57,85.72 1 1
github.com/jailtonjunior94/financialcontrol-api/internal/modules/finance/domain/entities/installment.go:86.57,86.83 1 1
github.com/jailtonjunior94/financialcontrol-api/internal/modules/finance/domain/entities/installment.go:87.57,87.79 1 1
github.com/jailtonjunior94/financialcontrol-api/internal/modules/finance/domain/entities/installment.go:88.57,88.76 1 1
github.com/jailtonjunior94/financialcontrol-api/internal/modules/finance/domain/entities/installment.go:89.57,89.75 1 1
github.com/jailtonjunior94/financialcontrol-api/internal/modules/finance/domain/entities/installment.go:90.57,90.76 1 1
github.com/jailtonjunior94/financialcontrol-api/internal/modules/finance/domain/entities/installment.go:91.57,91.76 1 1
github.com/jailtonjunior94/financialcontrol-api/internal/modules/finance/domain/entities/installment.go:92.57,92.82 1 1
github.com/jailtonjunior94/financialcontrol-api/internal/modules/finance/domain/entities/installment.go:93.57,93.79 1 1
github.com/jailtonjunior94/financialcontrol-api/internal/modules/finance/domain/entities/installment.go:94.57,94.79 1 1
github.com/jailtonjunior94/financialcontrol-api/internal/modules/finance/domain/entities/installment.go:95.57,95.79 1 1
github.com/jailtonjunior94/financialcontrol-api/internal/modules/finance/domain/entities/installment.go:96.57,96.86 1 1
github.com/jailtonjunior94/financialcontrol-api/internal/modules/finance/domain/entities/installment.go:97.57,97.93 1 1
github.com/jailtonjunior94/financialcontrol-api/internal/modules/finance/domain/entities/invoice.go:38.21,52.2 1 1
github.com/jailtonjunior94/financialcontrol-api/internal/modules/finance/domain/entities/invoice.go:70.12,87.2 1 1
github.com/jailtonjunior94/financialcontrol-api/internal/modules/finance/domain/entities/invoice.go:91.52,92.39 1 1
github.com/jailtonjunior94/financialcontrol-api/internal/modules/finance/domain/entities/invoice.go:92.39,94.3 1 1
github.com/jailtonjunior94/financialcontrol-api/internal/modules/finance/domain/entities/invoice.go:95.2,95.33 1 1
github.com/jailtonjunior94/financialcontrol-api/internal/modules/finance/domain/entities/invoice.go:95.33,97.3 1 1
github.com/jailtonjunior94/financialcontrol-api/internal/modules/finance/domain/entities/invoice.go:98.2,100.13 3 1
github.com/jailtonjunior94/financialcontrol-api/internal/modules/finance/domain/entities/invoice.go:105.50,106.39 1 1
github.com/jailtonjunior94/financialcontrol-api/internal/modules/finance/domain/entities/invoice.go:106.39,108.3 1 1
github.com/jailtonjunior94/financialcontrol-api/internal/modules/finance/domain/entities/invoice.go:109.2,109.54 1 1
github.com/jailtonjunior94/financialcontrol-api/internal/modules/finance/domain/entities/invoice.go:109.54,111.3 1 0
github.com/jailtonjunior94/financialcontrol-api/internal/modules/finance/domain/entities/invoice.go:112.2,112.39 1 1
github.com/jailtonjunior94/financialcontrol-api/internal/modules/finance/domain/entities/invoice.go:112.39,114.3 1 1
github.com/jailtonjunior94/financialcontrol-api/internal/modules/finance/domain/entities/invoice.go:115.2,119.12 5 1
github.com/jailtonjunior94/financialcontrol-api/internal/modules/finance/domain/entities/invoice.go:124.60,126.27 2 1
github.com/jailtonjunior94/financialcontrol-api/internal/modules/finance/domain/entities/invoice.go:126.27,128.3 1 1
github.com/jailtonjunior94/financialcontrol-api/internal/modules/finance/domain/entities/invoice.go:129.2,129.19 1 1
github.com/jailtonjunior94/financialcontrol-api/internal/modules/finance/domain/entities/invoice.go:132.48,132.65 1 1
github.com/jailtonjunior94/financialcontrol-api/internal/modules/finance/domain/entities/invoice.go:133.48,133.69 1 1
github.com/jailtonjunior94/financialcontrol-api/internal/modules/finance/domain/entities/invoice.go:134.48,134.69 1 1
github.com/jailtonjunior94/financialcontrol-api/internal/modules/finance/domain/entities/invoice.go:135.48,135.68 1 1
github.com/jailtonjunior94/financialcontrol-api/internal/modules/finance/domain/entities/invoice.go:136.48,136.73 1 1
github.com/jailtonjunior94/financialcontrol-api/internal/modules/finance/domain/entities/invoice.go:137.48,137.71 1 1
github.com/jailtonjunior94/financialcontrol-api/internal/modules/finance/domain/entities/invoice.go:138.48,138.74 1 1
github.com/jailtonjunior94/financialcontrol-api/internal/modules/finance/domain/entities/invoice.go:139.48,139.70 1 1
github.com/jailtonjunior94/financialcontrol-api/internal/modules/finance/domain/entities/invoice.go:140.48,140.68 1 1
github.com/jailtonjunior94/financialcontrol-api/internal/modules/finance/domain/entities/invoice.go:141.48,141.69 1 1
github.com/jailtonjunior94/financialcontrol-api/internal/modules/finance/domain/entities/invoice.go:142.48,142.75 1 1
github.com/jailtonjunior94/financialcontrol-api/internal/modules/finance/domain/entities/invoice.go:143.48,143.72 1 1
github.com/jailtonjunior94/financialcontrol-api/internal/modules/finance/domain/entities/invoice.go:144.48,144.72 1 1
github.com/jailtonjunior94/financialcontrol-api/internal/modules/finance/domain/entities/invoice.go:145.48,145.72 1 1
github.com/jailtonjunior94/financialcontrol-api/internal/modules/finance/domain/entities/invoice.go:146.48,146.79 1 1
github.com/jailtonjunior94/financialcontrol-api/internal/modules/finance/domain/entities/invoice.go:147.48,147.92 1 1
github.com/jailtonjunior94/financialcontrol-api/internal/modules/finance/domain/entities/invoice.go:148.48,148.94 1 1
github.com/jailtonjunior94/financialcontrol-api/internal/modules/finance/domain/entities/invoice.go:149.48,149.92 1 1
github.com/jailtonjunior94/financialcontrol-api/internal/modules/finance/domain/entities/transaction.go:82.25,84.68 2 1
github.com/jailtonjunior94/financialcontrol-api/internal/modules/finance/domain/entities/transaction.go:84.68,86.3 1 1
github.com/jailtonjunior94/financialcontrol-api/internal/modules/finance/domain/entities/transaction.go:87.2,87.51 1 1
github.com/jailtonjunior94/financialcontrol-api/internal/modules/finance/domain/entities/transaction.go:87.51,89.3 1 1
github.com/jailtonjunior94/financialcontrol-api/internal/modules/finance/domain/entities/transaction.go:90.2,91.16 2 1
github.com/jailtonjunior94/financialcontrol-api/internal/modules/finance/domain/entities/transaction.go:91.16,93.3 1 0
github.com/jailtonjunior94/financialcontrol-api/internal/modules/finance/domain/entities/transaction.go:94.2,96.44 3 1
github.com/jailtonjunior94/financialcontrol-api/internal/modules/finance/domain/entities/transaction.go:96.44,98.3 1 1
github.com/jailtonjunior94/financialcontrol-api/internal/modules/finance/domain/entities/transaction.go:99.2,113.8 1 1
github.com/jailtonjunior94/financialcontrol-api/internal/modules/finance/domain/entities/transaction.go:133.16,151.2 1 1
github.com/jailtonjunior94/financialcontrol-api/internal/modules/finance/domain/entities/transaction.go:154.61,156.2 1 1
github.com/jailtonjunior94/financialcontrol-api/internal/modules/finance/domain/entities/transaction.go:161.95,162.38 1 1
github.com/jailtonjunior94/financialcontrol-api/internal/modules/finance/domain/entities/transaction.go:162.38,163.28 1 1
github.com/jailtonjunior94/financialcontrol-api/internal/modules/finance/domain/entities/transaction.go:163.28,165.4 1 1
github.com/jailtonjunior94/financialcontrol-api/internal/modules/finance/domain/entities/transaction.go:167.2,168.68 2 1
github.com/jailtonjunior94/financialcontrol-api/internal/modules/finance/domain/entities/transaction.go:168.68,170.3 1 0
github.com/jailtonjunior94/financialcontrol-api/internal/modules/finance/domain/entities/transaction.go:171.2,181.69 10 1
github.com/jailtonjunior94/financialcontrol-api/internal/modules/finance/domain/entities/transaction.go:181.69,183.3 1 0
github.com/jailtonjunior94/financialcontrol-api/internal/modules/finance/domain/entities/transaction.go:184.2,184.40 1 1
github.com/jailtonjunior94/financialcontrol-api/internal/modules/finance/domain/entities/transaction.go:184.40,186.3 1 0
github.com/jailtonjunior94/financialcontrol-api/internal/modules/finance/domain/entities/transaction.go:187.2,188.16 2 1
github.com/jailtonjunior94/financialcontrol-api/internal/modules/finance/domain/entities/transaction.go:188.16,190.3 1 0
github.com/jailtonjunior94/financialcontrol-api/internal/modules/finance/domain/entities/transaction.go:191.2,192.38 2 1
github.com/jailtonjunior94/financialcontrol-api/internal/modules/finance/domain/entities/transaction.go:192.38,196.3 3 1
github.com/jailtonjunior94/financialcontrol-api/internal/modules/finance/domain/entities/transaction.go:197.2,198.33 2 1
github.com/jailtonjunior94/financialcontrol-api/internal/modules/finance/domain/entities/transaction.go:198.33,201.20 3 1
github.com/jailtonjunior94/financialcontrol-api/internal/modules/finance/domain/entities/transaction.go:201.20,203.4 1 0
github.com/jailtonjunior94/financialcontrol-api/internal/modules/finance/domain/entities/transaction.go:204.3,204.117 1 1
github.com/jailtonjunior94/financialcontrol-api/internal/modules/finance/domain/entities/transaction.go:206.2,206.12 1 1
github.com/jailtonjunior94/financialcontrol-api/internal/modules/finance/domain/entities/transaction.go:210.112,211.32 1 1
github.com/jailtonjunior94/financialcontrol-api/internal/modules/finance/domain/entities/transaction.go:211.32,213.3 1 1
github.com/jailtonjunior94/financialcontrol-api/internal/modules/finance/domain/entities/transaction.go:214.2,214.24 1 1
github.com/jailtonjunior94/financialcontrol-api/internal/modules/finance/domain/entities/transaction.go:214.24,216.3 1 1
github.com/jailtonjunior94/financialcontrol-api/internal/modules/finance/domain/entities/transaction.go:217.2,220.12 4 1
github.com/jailtonjunior94/financialcontrol-api/internal/modules/finance/domain/entities/transaction.go:224.112,225.29 1 1
github.com/jailtonjunior94/financialcontrol-api/internal/modules/finance/domain/entities/transaction.go:225.29,227.3 1 1
github.com/jailtonjunior94/financialcontrol-api/internal/modules/finance/domain/entities/transaction.go:228.2,229.17 2 1
github.com/jailtonjunior94/financialcontrol-api/internal/modules/finance/domain/entities/transaction.go:229.17,231.3 1 1
github.com/jailtonjunior94/financialcontrol-api/internal/modules/finance/domain/entities/transaction.go:232.2,232.68 1 1
github.com/jailtonjunior94/financialcontrol-api/internal/modules/finance/domain/entities/transaction.go:232.68,234.3 1 1
github.com/jailtonjunior94/financialcontrol-api/internal/modules/finance/domain/entities/transaction.go:235.2,237.12 3 1
github.com/jailtonjunior94/financialcontrol-api/internal/modules/finance/domain/entities/transaction.go:241.39,241.78 1 1
github.com/jailtonjunior94/financialcontrol-api/internal/modules/finance/domain/entities/transaction.go:244.45,244.87 1 1
github.com/jailtonjunior94/financialcontrol-api/internal/modules/finance/domain/entities/transaction.go:246.74,247.38 1 1
github.com/jailtonjunior94/financialcontrol-api/internal/modules/finance/domain/entities/transaction.go:247.38,248.22 1 1
github.com/jailtonjunior94/financialcontrol-api/internal/modules/finance/domain/entities/transaction.go:248.22,250.4 1 1
github.com/jailtonjunior94/financialcontrol-api/internal/modules/finance/domain/entities/transaction.go:252.2,252.12 1 1
github.com/jailtonjunior94/financialcontrol-api/internal/modules/finance/domain/entities/transaction.go:255.66,255.81 1 1
github.com/jailtonjunior94/financialcontrol-api/internal/modules/finance/domain/entities/transaction.go:256.66,256.85 1 1
github.com/jailtonjunior94/financialcontrol-api/internal/modules/finance/domain/entities/transaction.go:257.66,257.90 1 1
github.com/jailtonjunior94/financialcontrol-api/internal/modules/finance/domain/entities/transaction.go:258.66,258.85 1 1
github.com/jailtonjunior94/financialcontrol-api/internal/modules/finance/domain/entities/transaction.go:259.66,259.89 1 1
github.com/jailtonjunior94/financialcontrol-api/internal/modules/finance/domain/entities/transaction.go:260.66,260.94 1 1
github.com/jailtonjunior94/financialcontrol-api/internal/modules/finance/domain/entities/transaction.go:261.66,261.92 1 1
github.com/jailtonjunior94/financialcontrol-api/internal/modules/finance/domain/entities/transaction.go:262.66,262.85 1 1
github.com/jailtonjunior94/financialcontrol-api/internal/modules/finance/domain/entities/transaction.go:263.66,263.89 1 1
github.com/jailtonjunior94/financialcontrol-api/internal/modules/finance/domain/entities/transaction.go:264.66,264.92 1 1
github.com/jailtonjunior94/financialcontrol-api/internal/modules/finance/domain/entities/transaction.go:265.66,265.100 1 1
github.com/jailtonjunior94/financialcontrol-api/internal/modules/finance/domain/entities/transaction.go:266.66,266.91 1 1
github.com/jailtonjunior94/financialcontrol-api/internal/modules/finance/domain/entities/transaction.go:267.66,267.91 1 1
github.com/jailtonjunior94/financialcontrol-api/internal/modules/finance/domain/entities/transaction.go:268.66,268.88 1 1
github.com/jailtonjunior94/financialcontrol-api/internal/modules/finance/domain/entities/transaction.go:269.66,269.88 1 1
github.com/jailtonjunior94/financialcontrol-api/internal/modules/finance/domain/entities/transaction.go:270.66,270.88 1 1
github.com/jailtonjunior94/financialcontrol-api/internal/modules/finance/domain/entities/transaction.go:271.66,271.95 1 1
github.com/jailtonjunior94/financialcontrol-api/internal/modules/finance/domain/filters/invoice_filter.go:30.26,31.49 1 1
github.com/jailtonjunior94/financialcontrol-api/internal/modules/finance/domain/filters/invoice_filter.go:31.49,33.3 1 1
github.com/jailtonjunior94/financialcontrol-api/internal/modules/finance/domain/filters/invoice_filter.go:34.2,41.8 1 1
github.com/jailtonjunior94/financialcontrol-api/internal/modules/finance/domain/filters/transaction_filter.go:39.30,40.49 1 1
github.com/jailtonjunior94/financialcontrol-api/internal/modules/finance/domain/filters/transaction_filter.go:40.49,42.3 1 1
github.com/jailtonjunior94/financialcontrol-api/internal/modules/finance/domain/filters/transaction_filter.go:43.2,54.8 1 1
github.com/jailtonjunior94/financialcontrol-api/internal/modules/finance/domain/filters/transaction_filter.go:60.61,62.2 1 1
github.com/jailtonjunior94/financialcontrol-api/internal/modules/finance/domain/services/installment_splitter.go:12.52,12.85 1 1
github.com/jailtonjunior94/financialcontrol-api/internal/modules/finance/domain/services/installment_splitter.go:20.38,24.32 4 1
github.com/jailtonjunior94/financialcontrol-api/internal/modules/finance/domain/services/installment_splitter.go:24.32,26.3 1 1
github.com/jailtonjunior94/financialcontrol-api/internal/modules/finance/domain/services/installment_splitter.go:27.2,27.30 1 1
github.com/jailtonjunior94/financialcontrol-api/internal/modules/finance/domain/services/invoice_assigner.go:15.44,15.73 1 1
github.com/jailtonjunior94/financialcontrol-api/internal/modules/finance/domain/services/invoice_assigner.go:28.30,30.16 2 1
github.com/jailtonjunior94/financialcontrol-api/internal/modules/finance/domain/services/invoice_assigner.go:30.16,32.3 1 0
github.com/jailtonjunior94/financialcontrol-api/internal/modules/finance/domain/services/invoice_assigner.go:33.2,36.35 3 1
github.com/jailtonjunior94/financialcontrol-api/internal/modules/finance/domain/services/invoice_assigner.go:36.35,38.41 2 1
github.com/jailtonjunior94/financialcontrol-api/internal/modules/finance/domain/services/invoice_assigner.go:38.41,40.4 1 1
github.com/jailtonjunior94/financialcontrol-api/internal/modules/finance/domain/services/invoice_assigner.go:42.2,42.17 1 1
github.com/jailtonjunior94/financialcontrol-api/internal/modules/finance/domain/services/invoice_assigner.go:47.95,52.23 4 1
github.com/jailtonjunior94/financialcontrol-api/internal/modules/finance/domain/services/invoice_assigner.go:52.23,54.17 2 1
github.com/jailtonjunior94/financialcontrol-api/internal/modules/finance/domain/services/invoice_assigner.go:54.17,57.4 2 0
github.com/jailtonjunior94/financialcontrol-api/internal/modules/finance/domain/services/invoice_assigner.go:59.2,60.25 2 1
github.com/jailtonjunior94/financialcontrol-api/internal/modules/finance/domain/services/invoice_assigner.go:60.25,62.3 1 0
github.com/jailtonjunior94/financialcontrol-api/internal/modules/finance/domain/services/invoice_assigner.go:63.2,63.60 1 1
github.com/jailtonjunior94/financialcontrol-api/internal/modules/finance/domain/services/invoice_assigner.go:66.70,68.2 1 1
github.com/jailtonjunior94/financialcontrol-api/internal/modules/finance/domain/services/invoice_assigner.go:70.36,72.2 1 1
github.com/jailtonjunior94/financialcontrol-api/internal/modules/finance/domain/services/invoice_closer.go:13.40,13.67 1 1
github.com/jailtonjunior94/financialcontrol-api/internal/modules/finance/domain/services/invoice_closer.go:18.101,20.31 2 1
github.com/jailtonjunior94/financialcontrol-api/internal/modules/finance/domain/services/invoice_closer.go:20.31,21.26 1 1
github.com/jailtonjunior94/financialcontrol-api/internal/modules/finance/domain/services/invoice_closer.go:21.26,23.4 1 1
github.com/jailtonjunior94/financialcontrol-api/internal/modules/finance/domain/services/invoice_closer.go:25.2,25.16 1 1
github.com/jailtonjunior94/financialcontrol-api/internal/modules/finance/domain/services/refund_factory.go:21.40,21.67 1 1
github.com/jailtonjunior94/financialcontrol-api/internal/modules/finance/domain/services/refund_factory.go:36.34,37.25 1 1
github.com/jailtonjunior94/financialcontrol-api/internal/modules/finance/domain/services/refund_factory.go:37.25,39.3 1 1
github.com/jailtonjunior94/financialcontrol-api/internal/modules/finance/domain/services/refund_factory.go:40.2,40.21 1 1
github.com/jailtonjunior94/financialcontrol-api/internal/modules/finance/domain/services/refund_factory.go:40.21,42.3 1 1
github.com/jailtonjunior94/financialcontrol-api/internal/modules/finance/domain/services/refund_factory.go:43.2,44.35 2 1
github.com/jailtonjunior94/financialcontrol-api/internal/modules/finance/domain/services/refund_factory.go:44.35,46.3 1 1
github.com/jailtonjunior94/financialcontrol-api/internal/modules/finance/domain/services/refund_factory.go:47.2,48.51 2 1
github.com/jailtonjunior94/financialcontrol-api/internal/modules/finance/domain/services/refund_factory.go:48.51,51.3 2 1
github.com/jailtonjunior94/financialcontrol-api/internal/modules/finance/domain/services/refund_factory.go:52.2,53.33 2 1
github.com/jailtonjunior94/financialcontrol-api/internal/modules/finance/domain/services/refund_factory.go:53.33,55.3 1 1
github.com/jailtonjunior94/financialcontrol-api/internal/modules/finance/domain/services/refund_factory.go:56.2,70.3 2 1
github.com/jailtonjunior94/financialcontrol-api/internal/modules/finance/domain/vos/amount.go:13.44,15.16 2 1
github.com/jailtonjunior94/financialcontrol-api/internal/modules/finance/domain/vos/amount.go:15.16,17.3 1 1
github.com/jailtonjunior94/financialcontrol-api/internal/modules/finance/domain/vos/amount.go:18.2,18.21 1 1
github.com/jailtonjunior94/financialcontrol-api/internal/modules/finance/domain/vos/amount.go:18.21,20.3 1 1
github.com/jailtonjunior94/financialcontrol-api/internal/modules/finance/domain/vos/amount.go:21.2,21.30 1 1
github.com/jailtonjunior94/financialcontrol-api/internal/modules/finance/domain/vos/amount.go:25.50,26.21 1 1
github.com/jailtonjunior94/financialcontrol-api/internal/modules/finance/domain/vos/amount.go:26.21,28.3 1 1
github.com/jailtonjunior94/financialcontrol-api/internal/modules/finance/domain/vos/amount.go:29.2,29.30 1 1
github.com/jailtonjunior94/financialcontrol-api/internal/modules/finance/domain/vos/amount.go:33.31,33.49 1 1
github.com/jailtonjunior94/financialcontrol-api/internal/modules/finance/domain/vos/amount.go:35.33,35.60 1 1
github.com/jailtonjunior94/financialcontrol-api/internal/modules/finance/domain/vos/card_id.go:15.25,17.2 1 1
github.com/jailtonjunior94/financialcontrol-api/internal/modules/finance/domain/vos/card_id.go:20.44,21.41 1 1
github.com/jailtonjunior94/financialcontrol-api/internal/modules/finance/domain/vos/card_id.go:21.41,23.3 1 1
github.com/jailtonjunior94/financialcontrol-api/internal/modules/finance/domain/vos/card_id.go:24.2,24.23 1 1
github.com/jailtonjunior94/financialcontrol-api/internal/modules/finance/domain/vos/card_id.go:27.33,27.53 1 1
github.com/jailtonjunior94/financialcontrol-api/internal/modules/finance/domain/vos/category_id.go:15.33,17.2 1 1
github.com/jailtonjunior94/financialcontrol-api/internal/modules/finance/domain/vos/category_id.go:20.52,21.41 1 1
github.com/jailtonjunior94/financialcontrol-api/internal/modules/finance/domain/vos/category_id.go:21.41,23.3 1 1
github.com/jailtonjunior94/financialcontrol-api/internal/modules/finance/domain/vos/category_id.go:24.2,24.27 1 1
github.com/jailtonjunior94/financialcontrol-api/internal/modules/finance/domain/vos/category_id.go:27.37,27.57 1 1
github.com/jailtonjunior94/financialcontrol-api/internal/modules/finance/domain/vos/idempotency_key.go:22.60,24.68 2 1
github.com/jailtonjunior94/financialcontrol-api/internal/modules/finance/domain/vos/idempotency_key.go:24.68,26.3 1 1
github.com/jailtonjunior94/financialcontrol-api/internal/modules/finance/domain/vos/idempotency_key.go:27.2,27.38 1 1
github.com/jailtonjunior94/financialcontrol-api/internal/modules/finance/domain/vos/idempotency_key.go:30.41,30.59 1 1
github.com/jailtonjunior94/financialcontrol-api/internal/modules/finance/domain/vos/idempotency_key.go:31.41,31.59 1 1
github.com/jailtonjunior94/financialcontrol-api/internal/modules/finance/domain/vos/installment_count.go:17.59,18.56 1 1
github.com/jailtonjunior94/financialcontrol-api/internal/modules/finance/domain/vos/installment_count.go:18.56,20.3 1 1
github.com/jailtonjunior94/financialcontrol-api/internal/modules/finance/domain/vos/installment_count.go:21.2,21.40 1 1
github.com/jailtonjunior94/financialcontrol-api/internal/modules/finance/domain/vos/installment_count.go:24.39,24.57 1 1
github.com/jailtonjunior94/financialcontrol-api/internal/modules/finance/domain/vos/installment_id.go:15.39,17.2 1 1
github.com/jailtonjunior94/financialcontrol-api/internal/modules/finance/domain/vos/installment_id.go:20.58,21.41 1 1
github.com/jailtonjunior94/financialcontrol-api/internal/modules/finance/domain/vos/installment_id.go:21.41,23.3 1 1
github.com/jailtonjunior94/financialcontrol-api/internal/modules/finance/domain/vos/installment_id.go:24.2,24.30 1 1
github.com/jailtonjunior94/financialcontrol-api/internal/modules/finance/domain/vos/installment_id.go:27.40,27.60 1 1
github.com/jailtonjunior94/financialcontrol-api/internal/modules/finance/domain/vos/installment_number.go:16.61,17.11 1 1
github.com/jailtonjunior94/financialcontrol-api/internal/modules/finance/domain/vos/installment_number.go:17.11,19.3 1 1
github.com/jailtonjunior94/financialcontrol-api/internal/modules/finance/domain/vos/installment_number.go:20.2,20.41 1 1
github.com/jailtonjunior94/financialcontrol-api/internal/modules/finance/domain/vos/installment_number.go:23.44,23.62 1 1
github.com/jailtonjunior94/financialcontrol-api/internal/modules/finance/domain/vos/installment_number.go:24.44,24.81 1 1
github.com/jailtonjunior94/financialcontrol-api/internal/modules/finance/domain/vos/installment_status.go:23.66,25.48 2 1
github.com/jailtonjunior94/financialcontrol-api/internal/modules/finance/domain/vos/installment_status.go:25.48,27.3 1 1
github.com/jailtonjunior94/financialcontrol-api/internal/modules/finance/domain/vos/installment_status.go:28.2,28.16 1 1
github.com/jailtonjunior94/financialcontrol-api/internal/modules/finance/domain/vos/installment_status.go:31.44,31.64 1 1
github.com/jailtonjunior94/financialcontrol-api/internal/modules/finance/domain/vos/installment_status.go:40.75,41.11 1 1
github.com/jailtonjunior94/financialcontrol-api/internal/modules/finance/domain/vos/installment_status.go:42.34,45.39 1 1
github.com/jailtonjunior94/financialcontrol-api/internal/modules/finance/domain/vos/installment_status.go:46.36,48.39 1 1
github.com/jailtonjunior94/financialcontrol-api/internal/modules/finance/domain/vos/installment_status.go:49.10,50.15 1 1
github.com/jailtonjunior94/financialcontrol-api/internal/modules/finance/domain/vos/installment_status.go:56.50,58.2 1 1
github.com/jailtonjunior94/financialcontrol-api/internal/modules/finance/domain/vos/invoice_id.go:15.31,17.2 1 1
github.com/jailtonjunior94/financialcontrol-api/internal/modules/finance/domain/vos/invoice_id.go:20.50,21.41 1 1
github.com/jailtonjunior94/financialcontrol-api/internal/modules/finance/domain/vos/invoice_id.go:21.41,23.3 1 1
github.com/jailtonjunior94/financialcontrol-api/internal/modules/finance/domain/vos/invoice_id.go:24.2,24.26 1 1
github.com/jailtonjunior94/financialcontrol-api/internal/modules/finance/domain/vos/invoice_id.go:27.36,27.56 1 1
github.com/jailtonjunior94/financialcontrol-api/internal/modules/finance/domain/vos/invoice_state.go:21.56,23.42 2 1
github.com/jailtonjunior94/financialcontrol-api/internal/modules/finance/domain/vos/invoice_state.go:23.42,25.3 1 1
github.com/jailtonjunior94/financialcontrol-api/internal/modules/finance/domain/vos/invoice_state.go:26.2,26.16 1 1
github.com/jailtonjunior94/financialcontrol-api/internal/modules/finance/domain/vos/invoice_state.go:29.39,29.59 1 1
github.com/jailtonjunior94/financialcontrol-api/internal/modules/finance/domain/vos/invoice_state.go:37.65,38.11 1 1
github.com/jailtonjunior94/financialcontrol-api/internal/modules/finance/domain/vos/invoice_state.go:39.24,40.68 1 1
github.com/jailtonjunior94/financialcontrol-api/internal/modules/finance/domain/vos/invoice_state.go:41.26,42.36 1 1
github.com/jailtonjunior94/financialcontrol-api/internal/modules/finance/domain/vos/invoice_state.go:43.10,44.15 1 1
github.com/jailtonjunior94/financialcontrol-api/internal/modules/finance/domain/vos/invoice_status_filter.go:24.70,25.13 1 1
github.com/jailtonjunior94/financialcontrol-api/internal/modules/finance/domain/vos/invoice_status_filter.go:25.13,27.3 1 1
github.com/jailtonjunior94/financialcontrol-api/internal/modules/finance/domain/vos/invoice_status_filter.go:28.2,29.48 2 1
github.com/jailtonjunior94/financialcontrol-api/internal/modules/finance/domain/vos/invoice_status_filter.go:29.48,31.3 1 1
github.com/jailtonjunior94/financialcontrol-api/internal/modules/finance/domain/vos/invoice_status_filter.go:32.2,32.15 1 1
github.com/jailtonjunior94/financialcontrol-api/internal/modules/finance/domain/vos/invoice_status_filter.go:35.46,35.66 1 0
github.com/jailtonjunior94/financialcontrol-api/internal/modules/finance/domain/vos/invoice_status_filter.go:38.46,38.96 1 1
github.com/jailtonjunior94/financialcontrol-api/internal/modules/finance/domain/vos/money.go:26.42,28.16 2 1
github.com/jailtonjunior94/financialcontrol-api/internal/modules/finance/domain/vos/money.go:28.16,30.3 1 1
github.com/jailtonjunior94/financialcontrol-api/internal/modules/finance/domain/vos/money.go:31.2,31.53 1 1
github.com/jailtonjunior94/financialcontrol-api/internal/modules/finance/domain/vos/money.go:35.51,37.2 1 1
github.com/jailtonjunior94/financialcontrol-api/internal/modules/finance/domain/vos/money.go:40.24,42.2 1 1
github.com/jailtonjunior94/financialcontrol-api/internal/modules/finance/domain/vos/money.go:44.41,44.60 1 1
github.com/jailtonjunior94/financialcontrol-api/internal/modules/finance/domain/vos/money.go:45.41,45.62 1 1
github.com/jailtonjunior94/financialcontrol-api/internal/modules/finance/domain/vos/money.go:48.39,50.2 1 1
github.com/jailtonjunior94/financialcontrol-api/internal/modules/finance/domain/vos/money.go:53.39,55.2 1 1
github.com/jailtonjunior94/financialcontrol-api/internal/modules/finance/domain/vos/money.go:58.33,60.2 1 1
github.com/jailtonjunior94/financialcontrol-api/internal/modules/finance/domain/vos/money.go:65.44,66.12 1 1
github.com/jailtonjunior94/financialcontrol-api/internal/modules/finance/domain/vos/money.go:66.12,68.3 1 1
github.com/jailtonjunior94/financialcontrol-api/internal/modules/finance/domain/vos/money.go:69.2,71.25 3 1
github.com/jailtonjunior94/financialcontrol-api/internal/modules/finance/domain/vos/money.go:71.25,73.3 1 1
github.com/jailtonjunior94/financialcontrol-api/internal/modules/finance/domain/vos/money.go:75.2,77.14 3 1
github.com/jailtonjunior94/financialcontrol-api/internal/modules/finance/domain/vos/money.go:81.40,83.2 1 1
github.com/jailtonjunior94/financialcontrol-api/internal/modules/finance/domain/vos/money.go:86.34,86.66 1 1
github.com/jailtonjunior94/financialcontrol-api/internal/modules/finance/domain/vos/money.go:89.34,89.66 1 1
github.com/jailtonjunior94/financialcontrol-api/internal/modules/finance/domain/vos/money.go:92.30,92.58 1 1
github.com/jailtonjunior94/financialcontrol-api/internal/modules/finance/domain/vos/money.go:95.32,97.2 1 1
github.com/jailtonjunior94/financialcontrol-api/internal/modules/finance/domain/vos/money.go:100.46,103.2 2 1
github.com/jailtonjunior94/financialcontrol-api/internal/modules/finance/domain/vos/money.go:107.50,109.38 1 1
github.com/jailtonjunior94/financialcontrol-api/internal/modules/finance/domain/vos/money.go:109.38,111.3 1 1
github.com/jailtonjunior94/financialcontrol-api/internal/modules/finance/domain/vos/money.go:112.2,113.49 2 1
github.com/jailtonjunior94/financialcontrol-api/internal/modules/finance/domain/vos/money.go:113.49,115.3 1 0
github.com/jailtonjunior94/financialcontrol-api/internal/modules/finance/domain/vos/money.go:116.2,117.16 2 1
github.com/jailtonjunior94/financialcontrol-api/internal/modules/finance/domain/vos/money.go:117.16,119.3 1 1
github.com/jailtonjunior94/financialcontrol-api/internal/modules/finance/domain/vos/money.go:120.2,122.12 3 1
github.com/jailtonjunior94/financialcontrol-api/internal/modules/finance/domain/vos/pagination.go:20.66,22.11 2 1
github.com/jailtonjunior94/financialcontrol-api/internal/modules/finance/domain/vos/pagination.go:22.11,24.3 1 1
github.com/jailtonjunior94/financialcontrol-api/internal/modules/finance/domain/vos/pagination.go:25.2,26.29 2 1
github.com/jailtonjunior94/financialcontrol-api/internal/modules/finance/domain/vos/pagination.go:26.29,28.3 1 1
github.com/jailtonjunior94/financialcontrol-api/internal/modules/finance/domain/vos/pagination.go:29.2,29.29 1 1
github.com/jailtonjunior94/financialcontrol-api/internal/modules/finance/domain/vos/pagination.go:29.29,31.3 1 1
github.com/jailtonjunior94/financialcontrol-api/internal/modules/finance/domain/vos/pagination.go:32.2,32.47 1 1
github.com/jailtonjunior94/financialcontrol-api/internal/modules/finance/domain/vos/pagination.go:35.37,35.55 1 1
github.com/jailtonjunior94/financialcontrol-api/internal/modules/finance/domain/vos/pagination.go:36.37,36.59 1 1
github.com/jailtonjunior94/financialcontrol-api/internal/modules/finance/domain/vos/pagination.go:39.35,39.73 1 1
github.com/jailtonjunior94/financialcontrol-api/internal/modules/finance/domain/vos/payment_method.go:27.58,29.43 2 1
github.com/jailtonjunior94/financialcontrol-api/internal/modules/finance/domain/vos/payment_method.go:29.43,31.3 1 1
github.com/jailtonjunior94/financialcontrol-api/internal/modules/finance/domain/vos/payment_method.go:32.2,32.16 1 1
github.com/jailtonjunior94/financialcontrol-api/internal/modules/finance/domain/vos/payment_method.go:35.41,35.62 1 1
github.com/jailtonjunior94/financialcontrol-api/internal/modules/finance/domain/vos/payment_method.go:38.45,40.2 1 1
github.com/jailtonjunior94/financialcontrol-api/internal/modules/finance/domain/vos/period.go:19.73,20.41 1 1
github.com/jailtonjunior94/financialcontrol-api/internal/modules/finance/domain/vos/period.go:20.41,22.3 1 1
github.com/jailtonjunior94/financialcontrol-api/internal/modules/finance/domain/vos/period.go:23.2,23.16 1 1
github.com/jailtonjunior94/financialcontrol-api/internal/modules/finance/domain/vos/period.go:23.16,26.17 3 0
github.com/jailtonjunior94/financialcontrol-api/internal/modules/finance/domain/vos/period.go:26.17,28.4 1 0
github.com/jailtonjunior94/financialcontrol-api/internal/modules/finance/domain/vos/period.go:30.2,30.73 1 1
github.com/jailtonjunior94/financialcontrol-api/internal/modules/finance/domain/vos/period.go:41.49,45.2 3 1
github.com/jailtonjunior94/financialcontrol-api/internal/modules/finance/domain/vos/period.go:47.43,47.60 1 1
github.com/jailtonjunior94/financialcontrol-api/internal/modules/finance/domain/vos/period.go:48.43,48.61 1 1
github.com/jailtonjunior94/financialcontrol-api/internal/modules/finance/domain/vos/period.go:49.43,49.64 1 0
github.com/jailtonjunior94/financialcontrol-api/internal/modules/finance/domain/vos/transaction_id.go:15.39,17.2 1 1
github.com/jailtonjunior94/financialcontrol-api/internal/modules/finance/domain/vos/transaction_id.go:20.58,21.41 1 1
github.com/jailtonjunior94/financialcontrol-api/internal/modules/finance/domain/vos/transaction_id.go:21.41,23.3 1 1
github.com/jailtonjunior94/financialcontrol-api/internal/modules/finance/domain/vos/transaction_id.go:24.2,24.30 1 1
github.com/jailtonjunior94/financialcontrol-api/internal/modules/finance/domain/vos/transaction_id.go:27.40,27.60 1 1
github.com/jailtonjunior94/financialcontrol-api/internal/modules/finance/domain/vos/transaction_type.go:25.62,27.44 2 1
github.com/jailtonjunior94/financialcontrol-api/internal/modules/finance/domain/vos/transaction_type.go:27.44,29.3 1 1
github.com/jailtonjunior94/financialcontrol-api/internal/modules/finance/domain/vos/transaction_type.go:30.2,30.15 1 1
github.com/jailtonjunior94/financialcontrol-api/internal/modules/finance/domain/vos/transaction_type.go:33.42,33.62 1 0
github.com/jailtonjunior94/financialcontrol-api/internal/modules/finance/domain/vos/transaction_type.go:36.45,38.2 1 1
github.com/jailtonjunior94/financialcontrol-api/internal/modules/finance/domain/vos/transaction_type.go:41.42,41.79 1 1
github.com/jailtonjunior94/financialcontrol-api/internal/modules/finance/infrastructure/http/handlers/installment_handler.go:16.90,18.2 1 1
github.com/jailtonjunior94/financialcontrol-api/internal/modules/finance/infrastructure/http/handlers/installment_handler.go:23.61,25.16 2 1
github.com/jailtonjunior94/financialcontrol-api/internal/modules/finance/infrastructure/http/handlers/installment_handler.go:25.16,27.3 1 0
github.com/jailtonjunior94/financialcontrol-api/internal/modules/finance/infrastructure/http/handlers/installment_handler.go:29.2,30.16 2 1
github.com/jailtonjunior94/financialcontrol-api/internal/modules/finance/infrastructure/http/handlers/installment_handler.go:30.16,32.3 1 1
github.com/jailtonjunior94/financialcontrol-api/internal/modules/finance/infrastructure/http/handlers/installment_handler.go:34.2,37.72 2 1
github.com/jailtonjunior94/financialcontrol-api/internal/modules/finance/infrastructure/http/handlers/installment_handler.go:37.72,39.3 1 1
github.com/jailtonjunior94/financialcontrol-api/internal/modules/finance/infrastructure/http/handlers/installment_handler.go:41.2,42.16 2 1
github.com/jailtonjunior94/financialcontrol-api/internal/modules/finance/infrastructure/http/handlers/installment_handler.go:42.16,44.3 1 1
github.com/jailtonjunior94/financialcontrol-api/internal/modules/finance/infrastructure/http/handlers/installment_handler.go:46.2,47.16 2 1
github.com/jailtonjunior94/financialcontrol-api/internal/modules/finance/infrastructure/http/handlers/installment_handler.go:47.16,50.3 2 1
github.com/jailtonjunior94/financialcontrol-api/internal/modules/finance/infrastructure/http/handlers/installment_handler.go:51.2,51.43 1 1
github.com/jailtonjunior94/financialcontrol-api/internal/modules/finance/infrastructure/http/handlers/invoice_handler.go:26.19,28.2 1 1
github.com/jailtonjunior94/financialcontrol-api/internal/modules/finance/infrastructure/http/handlers/invoice_handler.go:31.51,33.16 2 1
github.com/jailtonjunior94/financialcontrol-api/internal/modules/finance/infrastructure/http/handlers/invoice_handler.go:33.16,35.3 1 0
github.com/jailtonjunior94/financialcontrol-api/internal/modules/finance/infrastructure/http/handlers/invoice_handler.go:37.2,38.16 2 1
github.com/jailtonjunior94/financialcontrol-api/internal/modules/finance/infrastructure/http/handlers/invoice_handler.go:38.16,41.3 2 1
github.com/jailtonjunior94/financialcontrol-api/internal/modules/finance/infrastructure/http/handlers/invoice_handler.go:43.2,44.16 2 1
github.com/jailtonjunior94/financialcontrol-api/internal/modules/finance/infrastructure/http/handlers/invoice_handler.go:44.16,47.3 2 1
github.com/jailtonjunior94/financialcontrol-api/internal/modules/finance/infrastructure/http/handlers/invoice_handler.go:48.2,48.43 1 1
github.com/jailtonjunior94/financialcontrol-api/internal/modules/finance/infrastructure/http/handlers/invoice_handler.go:52.50,54.16 2 1
github.com/jailtonjunior94/financialcontrol-api/internal/modules/finance/infrastructure/http/handlers/invoice_handler.go:54.16,56.3 1 0
github.com/jailtonjunior94/financialcontrol-api/internal/modules/finance/infrastructure/http/handlers/invoice_handler.go:58.2,59.16 2 1
github.com/jailtonjunior94/financialcontrol-api/internal/modules/finance/infrastructure/http/handlers/invoice_handler.go:59.16,61.3 1 1
github.com/jailtonjunior94/financialcontrol-api/internal/modules/finance/infrastructure/http/handlers/invoice_handler.go:63.2,64.16 2 1
github.com/jailtonjunior94/financialcontrol-api/internal/modules/finance/infrastructure/http/handlers/invoice_handler.go:64.16,67.3 2 1
github.com/jailtonjunior94/financialcontrol-api/internal/modules/finance/infrastructure/http/handlers/invoice_handler.go:68.2,68.43 1 1
github.com/jailtonjunior94/financialcontrol-api/internal/modules/finance/infrastructure/http/handlers/invoice_handler.go:72.50,74.16 2 1
github.com/jailtonjunior94/financialcontrol-api/internal/modules/finance/infrastructure/http/handlers/invoice_handler.go:74.16,76.3 1 0
github.com/jailtonjunior94/financialcontrol-api/internal/modules/finance/infrastructure/http/handlers/invoice_handler.go:78.2,79.16 2 1
github.com/jailtonjunior94/financialcontrol-api/internal/modules/finance/infrastructure/http/handlers/invoice_handler.go:79.16,81.3 1 1
github.com/jailtonjunior94/financialcontrol-api/internal/modules/finance/infrastructure/http/handlers/invoice_handler.go:83.2,84.43 2 1
github.com/jailtonjunior94/financialcontrol-api/internal/modules/finance/infrastructure/http/handlers/invoice_handler.go:84.43,86.3 1 1
github.com/jailtonjunior94/financialcontrol-api/internal/modules/finance/infrastructure/http/handlers/invoice_handler.go:88.2,88.39 1 1
github.com/jailtonjunior94/financialcontrol-api/internal/modules/finance/infrastructure/http/handlers/invoice_handler.go:88.39,91.3 2 1
github.com/jailtonjunior94/financialcontrol-api/internal/modules/finance/infrastructure/http/handlers/invoice_handler.go:93.2,94.16 2 1
github.com/jailtonjunior94/financialcontrol-api/internal/modules/finance/infrastructure/http/handlers/invoice_handler.go:94.16,97.3 2 1
github.com/jailtonjunior94/financialcontrol-api/internal/modules/finance/infrastructure/http/handlers/invoice_handler.go:98.2,98.43 1 1
github.com/jailtonjunior94/financialcontrol-api/internal/modules/finance/infrastructure/http/handlers/invoice_handler.go:101.96,103.16 2 1
github.com/jailtonjunior94/financialcontrol-api/internal/modules/finance/infrastructure/http/handlers/invoice_handler.go:103.16,105.3 1 0
github.com/jailtonjunior94/financialcontrol-api/internal/modules/finance/infrastructure/http/handlers/invoice_handler.go:107.2,108.42 2 1
github.com/jailtonjunior94/financialcontrol-api/internal/modules/finance/infrastructure/http/handlers/invoice_handler.go:108.42,110.22 2 1
github.com/jailtonjunior94/financialcontrol-api/internal/modules/finance/infrastructure/http/handlers/invoice_handler.go:110.22,112.4 1 1
github.com/jailtonjunior94/financialcontrol-api/internal/modules/finance/infrastructure/http/handlers/invoice_handler.go:113.3,113.16 1 1
github.com/jailtonjunior94/financialcontrol-api/internal/modules/finance/infrastructure/http/handlers/invoice_handler.go:116.2,117.40 2 1
github.com/jailtonjunior94/financialcontrol-api/internal/modules/finance/infrastructure/http/handlers/invoice_handler.go:117.40,119.22 2 1
github.com/jailtonjunior94/financialcontrol-api/internal/modules/finance/infrastructure/http/handlers/invoice_handler.go:119.22,121.4 1 1
github.com/jailtonjunior94/financialcontrol-api/internal/modules/finance/infrastructure/http/handlers/invoice_handler.go:122.3,122.13 1 1
github.com/jailtonjunior94/financialcontrol-api/internal/modules/finance/infrastructure/http/handlers/invoice_handler.go:125.2,126.16 2 1
github.com/jailtonjunior94/financialcontrol-api/internal/modules/finance/infrastructure/http/handlers/invoice_handler.go:126.16,128.3 1 1
github.com/jailtonjunior94/financialcontrol-api/internal/modules/finance/infrastructure/http/handlers/invoice_handler.go:130.2,131.16 2 1
github.com/jailtonjunior94/financialcontrol-api/internal/modules/finance/infrastructure/http/handlers/invoice_handler.go:131.16,133.3 1 0
github.com/jailtonjunior94/financialcontrol-api/internal/modules/finance/infrastructure/http/handlers/invoice_handler.go:135.2,135.78 1 1
github.com/jailtonjunior94/financialcontrol-api/internal/modules/finance/infrastructure/http/handlers/summary_handler.go:17.72,19.2 1 1
github.com/jailtonjunior94/financialcontrol-api/internal/modules/finance/infrastructure/http/handlers/summary_handler.go:22.50,24.16 2 1
github.com/jailtonjunior94/financialcontrol-api/internal/modules/finance/infrastructure/http/handlers/summary_handler.go:24.16,26.3 1 0
github.com/jailtonjunior94/financialcontrol-api/internal/modules/finance/infrastructure/http/handlers/summary_handler.go:28.2,32.16 4 1
github.com/jailtonjunior94/financialcontrol-api/internal/modules/finance/infrastructure/http/handlers/summary_handler.go:32.16,35.3 2 1
github.com/jailtonjunior94/financialcontrol-api/internal/modules/finance/infrastructure/http/handlers/summary_handler.go:37.2,38.16 2 1
github.com/jailtonjunior94/financialcontrol-api/internal/modules/finance/infrastructure/http/handlers/summary_handler.go:38.16,41.3 2 1
github.com/jailtonjunior94/financialcontrol-api/internal/modules/finance/infrastructure/http/handlers/summary_handler.go:42.2,42.43 1 1
github.com/jailtonjunior94/financialcontrol-api/internal/modules/finance/infrastructure/http/handlers/transaction_handler.go:41.23,50.2 1 1
github.com/jailtonjunior94/financialcontrol-api/internal/modules/finance/infrastructure/http/handlers/transaction_handler.go:55.57,57.16 2 1
github.com/jailtonjunior94/financialcontrol-api/internal/modules/finance/infrastructure/http/handlers/transaction_handler.go:57.16,59.3 1 0
github.com/jailtonjunior94/financialcontrol-api/internal/modules/finance/infrastructure/http/handlers/transaction_handler.go:61.2,63.18 3 1
github.com/jailtonjunior94/financialcontrol-api/internal/modules/finance/infrastructure/http/handlers/transaction_handler.go:63.18,67.17 4 1
github.com/jailtonjunior94/financialcontrol-api/internal/modules/finance/infrastructure/http/handlers/transaction_handler.go:67.17,69.4 1 0
github.com/jailtonjunior94/financialcontrol-api/internal/modules/finance/infrastructure/http/handlers/transaction_handler.go:70.8,72.17 2 1
github.com/jailtonjunior94/financialcontrol-api/internal/modules/finance/infrastructure/http/handlers/transaction_handler.go:72.17,74.4 1 1
github.com/jailtonjunior94/financialcontrol-api/internal/modules/finance/infrastructure/http/handlers/transaction_handler.go:77.2,78.43 2 1
github.com/jailtonjunior94/financialcontrol-api/internal/modules/finance/infrastructure/http/handlers/transaction_handler.go:78.43,80.60 2 1
github.com/jailtonjunior94/financialcontrol-api/internal/modules/finance/infrastructure/http/handlers/transaction_handler.go:80.60,82.4 1 1
github.com/jailtonjunior94/financialcontrol-api/internal/modules/finance/infrastructure/http/handlers/transaction_handler.go:83.3,83.111 1 1
github.com/jailtonjunior94/financialcontrol-api/internal/modules/finance/infrastructure/http/handlers/transaction_handler.go:86.2,86.39 1 1
github.com/jailtonjunior94/financialcontrol-api/internal/modules/finance/infrastructure/http/handlers/transaction_handler.go:86.39,89.3 2 1
github.com/jailtonjunior94/financialcontrol-api/internal/modules/finance/infrastructure/http/handlers/transaction_handler.go:91.2,92.16 2 1
github.com/jailtonjunior94/financialcontrol-api/internal/modules/finance/infrastructure/http/handlers/transaction_handler.go:92.16,95.3 2 1
github.com/jailtonjunior94/financialcontrol-api/internal/modules/finance/infrastructure/http/handlers/transaction_handler.go:97.2,98.48 2 1
github.com/jailtonjunior94/financialcontrol-api/internal/modules/finance/infrastructure/http/handlers/transaction_handler.go:102.55,104.16 2 1
github.com/jailtonjunior94/financialcontrol-api/internal/modules/finance/infrastructure/http/handlers/transaction_handler.go:104.16,106.3 1 0
github.com/jailtonjunior94/financialcontrol-api/internal/modules/finance/infrastructure/http/handlers/transaction_handler.go:108.2,109.16 2 1
github.com/jailtonjunior94/financialcontrol-api/internal/modules/finance/infrastructure/http/handlers/transaction_handler.go:109.16,112.3 2 1
github.com/jailtonjunior94/financialcontrol-api/internal/modules/finance/infrastructure/http/handlers/transaction_handler.go:114.2,115.16 2 1
github.com/jailtonjunior94/financialcontrol-api/internal/modules/finance/infrastructure/http/handlers/transaction_handler.go:115.16,118.3 2 1
github.com/jailtonjunior94/financialcontrol-api/internal/modules/finance/infrastructure/http/handlers/transaction_handler.go:119.2,119.43 1 1
github.com/jailtonjunior94/financialcontrol-api/internal/modules/finance/infrastructure/http/handlers/transaction_handler.go:123.54,125.16 2 1
github.com/jailtonjunior94/financialcontrol-api/internal/modules/finance/infrastructure/http/handlers/transaction_handler.go:125.16,127.3 1 0
github.com/jailtonjunior94/financialcontrol-api/internal/modules/finance/infrastructure/http/handlers/transaction_handler.go:129.2,130.16 2 1
github.com/jailtonjunior94/financialcontrol-api/internal/modules/finance/infrastructure/http/handlers/transaction_handler.go:130.16,132.3 1 1
github.com/jailtonjunior94/financialcontrol-api/internal/modules/finance/infrastructure/http/handlers/transaction_handler.go:134.2,135.16 2 1
github.com/jailtonjunior94/financialcontrol-api/internal/modules/finance/infrastructure/http/handlers/transaction_handler.go:135.16,138.3 2 1
github.com/jailtonjunior94/financialcontrol-api/internal/modules/finance/infrastructure/http/handlers/transaction_handler.go:139.2,139.43 1 1
github.com/jailtonjunior94/financialcontrol-api/internal/modules/finance/infrastructure/http/handlers/transaction_handler.go:143.57,145.16 2 1
github.com/jailtonjunior94/financialcontrol-api/internal/modules/finance/infrastructure/http/handlers/transaction_handler.go:145.16,147.3 1 0
github.com/jailtonjunior94/financialcontrol-api/internal/modules/finance/infrastructure/http/handlers/transaction_handler.go:149.2,150.16 2 1
github.com/jailtonjunior94/financialcontrol-api/internal/modules/finance/infrastructure/http/handlers/transaction_handler.go:150.16,152.3 1 1
github.com/jailtonjunior94/financialcontrol-api/internal/modules/finance/infrastructure/http/handlers/transaction_handler.go:154.2,155.43 2 1
github.com/jailtonjunior94/financialcontrol-api/internal/modules/finance/infrastructure/http/handlers/transaction_handler.go:155.43,157.60 2 1
github.com/jailtonjunior94/financialcontrol-api/internal/modules/finance/infrastructure/http/handlers/transaction_handler.go:157.60,159.4 1 1
github.com/jailtonjunior94/financialcontrol-api/internal/modules/finance/infrastructure/http/handlers/transaction_handler.go:160.3,160.111 1 1
github.com/jailtonjunior94/financialcontrol-api/internal/modules/finance/infrastructure/http/handlers/transaction_handler.go:163.2,163.39 1 1
github.com/jailtonjunior94/financialcontrol-api/internal/modules/finance/infrastructure/http/handlers/transaction_handler.go:163.39,166.3 2 1
github.com/jailtonjunior94/financialcontrol-api/internal/modules/finance/infrastructure/http/handlers/transaction_handler.go:168.2,169.16 2 1
github.com/jailtonjunior94/financialcontrol-api/internal/modules/finance/infrastructure/http/handlers/transaction_handler.go:169.16,172.3 2 1
github.com/jailtonjunior94/financialcontrol-api/internal/modules/finance/infrastructure/http/handlers/transaction_handler.go:173.2,173.43 1 1
github.com/jailtonjunior94/financialcontrol-api/internal/modules/finance/infrastructure/http/handlers/transaction_handler.go:178.57,180.16 2 1
github.com/jailtonjunior94/financialcontrol-api/internal/modules/finance/infrastructure/http/handlers/transaction_handler.go:180.16,182.3 1 0
github.com/jailtonjunior94/financialcontrol-api/internal/modules/finance/infrastructure/http/handlers/transaction_handler.go:184.2,185.16 2 1
github.com/jailtonjunior94/financialcontrol-api/internal/modules/finance/infrastructure/http/handlers/transaction_handler.go:185.16,187.3 1 1
github.com/jailtonjunior94/financialcontrol-api/internal/modules/finance/infrastructure/http/handlers/transaction_handler.go:189.2,189.72 1 1
github.com/jailtonjunior94/financialcontrol-api/internal/modules/finance/infrastructure/http/handlers/transaction_handler.go:189.72,192.3 2 1
github.com/jailtonjunior94/financialcontrol-api/internal/modules/finance/infrastructure/http/handlers/transaction_handler.go:193.2,193.50 1 1
github.com/jailtonjunior94/financialcontrol-api/internal/modules/finance/infrastructure/http/handlers/transaction_handler.go:197.57,199.16 2 1
github.com/jailtonjunior94/financialcontrol-api/internal/modules/finance/infrastructure/http/handlers/transaction_handler.go:199.16,201.3 1 0
github.com/jailtonjunior94/financialcontrol-api/internal/modules/finance/infrastructure/http/handlers/transaction_handler.go:203.2,204.16 2 1
github.com/jailtonjunior94/financialcontrol-api/internal/modules/finance/infrastructure/http/handlers/transaction_handler.go:204.16,206.3 1 1
github.com/jailtonjunior94/financialcontrol-api/internal/modules/finance/infrastructure/http/handlers/transaction_handler.go:208.2,209.43 2 1
github.com/jailtonjunior94/financialcontrol-api/internal/modules/finance/infrastructure/http/handlers/transaction_handler.go:209.43,211.3 1 1
github.com/jailtonjunior94/financialcontrol-api/internal/modules/finance/infrastructure/http/handlers/transaction_handler.go:213.2,214.16 2 1
github.com/jailtonjunior94/financialcontrol-api/internal/modules/finance/infrastructure/http/handlers/transaction_handler.go:214.16,217.3 2 1
github.com/jailtonjunior94/financialcontrol-api/internal/modules/finance/infrastructure/http/handlers/transaction_handler.go:218.2,218.48 1 1
github.com/jailtonjunior94/financialcontrol-api/internal/modules/finance/infrastructure/http/handlers/transaction_handler.go:223.61,225.16 2 1
github.com/jailtonjunior94/financialcontrol-api/internal/modules/finance/infrastructure/http/handlers/transaction_handler.go:225.16,227.3 1 0
github.com/jailtonjunior94/financialcontrol-api/internal/modules/finance/infrastructure/http/handlers/transaction_handler.go:228.2,228.48 1 1
github.com/jailtonjunior94/financialcontrol-api/internal/modules/finance/infrastructure/http/handlers/transaction_handler.go:231.106,233.16 2 1
github.com/jailtonjunior94/financialcontrol-api/internal/modules/finance/infrastructure/http/handlers/transaction_handler.go:233.16,235.3 1 0
github.com/jailtonjunior94/financialcontrol-api/internal/modules/finance/infrastructure/http/handlers/transaction_handler.go:237.2,238.51 2 1
github.com/jailtonjunior94/financialcontrol-api/internal/modules/finance/infrastructure/http/handlers/transaction_handler.go:238.51,240.17 2 1
github.com/jailtonjunior94/financialcontrol-api/internal/modules/finance/infrastructure/http/handlers/transaction_handler.go:240.17,242.4 1 0
github.com/jailtonjunior94/financialcontrol-api/internal/modules/finance/infrastructure/http/handlers/transaction_handler.go:243.3,243.14 1 1
github.com/jailtonjunior94/financialcontrol-api/internal/modules/finance/infrastructure/http/handlers/transaction_handler.go:246.2,247.49 2 1
github.com/jailtonjunior94/financialcontrol-api/internal/modules/finance/infrastructure/http/handlers/transaction_handler.go:247.49,249.17 2 0
github.com/jailtonjunior94/financialcontrol-api/internal/modules/finance/infrastructure/http/handlers/transaction_handler.go:249.17,251.4 1 0
github.com/jailtonjunior94/financialcontrol-api/internal/modules/finance/infrastructure/http/handlers/transaction_handler.go:252.3,252.10 1 0
github.com/jailtonjunior94/financialcontrol-api/internal/modules/finance/infrastructure/http/handlers/transaction_handler.go:255.2,256.42 2 1
github.com/jailtonjunior94/financialcontrol-api/internal/modules/finance/infrastructure/http/handlers/transaction_handler.go:256.42,258.17 2 0
github.com/jailtonjunior94/financialcontrol-api/internal/modules/finance/infrastructure/http/handlers/transaction_handler.go:258.17,260.4 1 0
github.com/jailtonjunior94/financialcontrol-api/internal/modules/finance/infrastructure/http/handlers/transaction_handler.go:261.3,261.16 1 0
github.com/jailtonjunior94/financialcontrol-api/internal/modules/finance/infrastructure/http/handlers/transaction_handler.go:264.2,265.46 2 1
github.com/jailtonjunior94/financialcontrol-api/internal/modules/finance/infrastructure/http/handlers/transaction_handler.go:265.46,267.17 2 0
github.com/jailtonjunior94/financialcontrol-api/internal/modules/finance/infrastructure/http/handlers/transaction_handler.go:267.17,269.4 1 0
github.com/jailtonjunior94/financialcontrol-api/internal/modules/finance/infrastructure/http/handlers/transaction_handler.go:270.3,270.22 1 0
github.com/jailtonjunior94/financialcontrol-api/internal/modules/finance/infrastructure/http/handlers/transaction_handler.go:273.2,274.16 2 1
github.com/jailtonjunior94/financialcontrol-api/internal/modules/finance/infrastructure/http/handlers/transaction_handler.go:274.16,276.3 1 0
github.com/jailtonjunior94/financialcontrol-api/internal/modules/finance/infrastructure/http/handlers/transaction_handler.go:278.2,279.16 2 1
github.com/jailtonjunior94/financialcontrol-api/internal/modules/finance/infrastructure/http/handlers/transaction_handler.go:279.16,281.3 1 1
github.com/jailtonjunior94/financialcontrol-api/internal/modules/finance/infrastructure/http/handlers/transaction_handler.go:283.2,284.16 2 1
github.com/jailtonjunior94/financialcontrol-api/internal/modules/finance/infrastructure/http/handlers/transaction_handler.go:284.16,286.3 1 1
github.com/jailtonjunior94/financialcontrol-api/internal/modules/finance/infrastructure/http/handlers/transaction_handler.go:288.2,292.3 1 1
github.com/jailtonjunior94/financialcontrol-api/internal/modules/finance/infrastructure/http/handlers/transaction_handler.go:295.62,299.2 3 1
github.com/jailtonjunior94/financialcontrol-api/internal/modules/finance/infrastructure/http/handlers/transaction_handler.go:301.50,302.15 1 1
github.com/jailtonjunior94/financialcontrol-api/internal/modules/finance/infrastructure/http/handlers/transaction_handler.go:302.15,304.3 1 1
github.com/jailtonjunior94/financialcontrol-api/internal/modules/finance/infrastructure/http/handlers/transaction_handler.go:305.2,306.16 2 1
github.com/jailtonjunior94/financialcontrol-api/internal/modules/finance/infrastructure/http/handlers/transaction_handler.go:306.16,308.3 1 0
github.com/jailtonjunior94/financialcontrol-api/internal/modules/finance/infrastructure/http/handlers/transaction_handler.go:309.2,309.10 1 1
github.com/jailtonjunior94/financialcontrol-api/internal/modules/finance/infrastructure/http/handlers/transaction_handler.go:312.56,313.15 1 1
github.com/jailtonjunior94/financialcontrol-api/internal/modules/finance/infrastructure/http/handlers/transaction_handler.go:313.15,315.3 1 1
github.com/jailtonjunior94/financialcontrol-api/internal/modules/finance/infrastructure/http/handlers/transaction_handler.go:316.2,317.16 2 1
github.com/jailtonjunior94/financialcontrol-api/internal/modules/finance/infrastructure/http/handlers/transaction_handler.go:317.16,319.3 1 1
github.com/jailtonjunior94/financialcontrol-api/internal/modules/finance/infrastructure/http/handlers/transaction_handler.go:320.2,320.16 1 0
github.com/jailtonjunior94/financialcontrol-api/internal/modules/finance/infrastructure/idempotency/mssql_repository.go:36.60,38.2 1 1
github.com/jailtonjunior94/financialcontrol-api/internal/modules/finance/infrastructure/idempotency/mssql_repository.go:40.125,48.35 3 1
github.com/jailtonjunior94/financialcontrol-api/internal/modules/finance/infrastructure/idempotency/mssql_repository.go:48.35,50.3 1 1
github.com/jailtonjunior94/financialcontrol-api/internal/modules/finance/infrastructure/idempotency/mssql_repository.go:51.2,51.16 1 1
github.com/jailtonjunior94/financialcontrol-api/internal/modules/finance/infrastructure/idempotency/mssql_repository.go:51.16,53.3 1 1
github.com/jailtonjunior94/financialcontrol-api/internal/modules/finance/infrastructure/idempotency/mssql_repository.go:54.2,54.18 1 1
github.com/jailtonjunior94/financialcontrol-api/internal/modules/finance/infrastructure/idempotency/mssql_repository.go:57.82,68.16 2 1
github.com/jailtonjunior94/financialcontrol-api/internal/modules/finance/infrastructure/idempotency/mssql_repository.go:68.16,70.3 1 1
github.com/jailtonjunior94/financialcontrol-api/internal/modules/finance/infrastructure/idempotency/mssql_repository.go:71.2,71.12 1 1
github.com/jailtonjunior94/financialcontrol-api/internal/modules/finance/infrastructure/idempotency/mssql_repository.go:74.91,78.16 2 1
github.com/jailtonjunior94/financialcontrol-api/internal/modules/finance/infrastructure/idempotency/mssql_repository.go:78.16,80.3 1 1
github.com/jailtonjunior94/financialcontrol-api/internal/modules/finance/infrastructure/idempotency/mssql_repository.go:81.2,82.16 2 1
github.com/jailtonjunior94/financialcontrol-api/internal/modules/finance/infrastructure/idempotency/mssql_repository.go:82.16,84.3 1 1
github.com/jailtonjunior94/financialcontrol-api/internal/modules/finance/infrastructure/idempotency/mssql_repository.go:85.2,85.22 1 1
github.com/jailtonjunior94/financialcontrol-api/internal/modules/finance/infrastructure/persistence/mssql/installment_repository.go:26.72,28.2 1 1
github.com/jailtonjunior94/financialcontrol-api/internal/modules/finance/infrastructure/persistence/mssql/installment_repository.go:31.100,32.29 1 1
github.com/jailtonjunior94/financialcontrol-api/internal/modules/finance/infrastructure/persistence/mssql/installment_repository.go:32.29,33.45 1 1
github.com/jailtonjunior94/financialcontrol-api/internal/modules/finance/infrastructure/persistence/mssql/installment_repository.go:33.45,35.4 1 1
github.com/jailtonjunior94/financialcontrol-api/internal/modules/finance/infrastructure/persistence/mssql/installment_repository.go:37.2,37.12 1 1
github.com/jailtonjunior94/financialcontrol-api/internal/modules/finance/infrastructure/persistence/mssql/installment_repository.go:40.95,55.16 2 1
github.com/jailtonjunior94/financialcontrol-api/internal/modules/finance/infrastructure/persistence/mssql/installment_repository.go:55.16,57.3 1 1
github.com/jailtonjunior94/financialcontrol-api/internal/modules/finance/infrastructure/persistence/mssql/installment_repository.go:58.2,58.12 1 1
github.com/jailtonjunior94/financialcontrol-api/internal/modules/finance/infrastructure/persistence/mssql/installment_repository.go:62.103,63.29 1 1
github.com/jailtonjunior94/financialcontrol-api/internal/modules/finance/infrastructure/persistence/mssql/installment_repository.go:63.29,64.48 1 1
github.com/jailtonjunior94/financialcontrol-api/internal/modules/finance/infrastructure/persistence/mssql/installment_repository.go:64.48,66.4 1 1
github.com/jailtonjunior94/financialcontrol-api/internal/modules/finance/infrastructure/persistence/mssql/installment_repository.go:68.2,68.12 1 1
github.com/jailtonjunior94/financialcontrol-api/internal/modules/finance/infrastructure/persistence/mssql/installment_repository.go:71.98,79.16 2 1
github.com/jailtonjunior94/financialcontrol-api/internal/modules/finance/infrastructure/persistence/mssql/installment_repository.go:79.16,81.3 1 1
github.com/jailtonjunior94/financialcontrol-api/internal/modules/finance/infrastructure/persistence/mssql/installment_repository.go:82.2,82.12 1 1
github.com/jailtonjunior94/financialcontrol-api/internal/modules/finance/infrastructure/persistence/mssql/installment_repository.go:85.131,91.16 2 1
github.com/jailtonjunior94/financialcontrol-api/internal/modules/finance/infrastructure/persistence/mssql/installment_repository.go:91.16,93.3 1 1
github.com/jailtonjunior94/financialcontrol-api/internal/modules/finance/infrastructure/persistence/mssql/installment_repository.go:94.2,94.12 1 1
github.com/jailtonjunior94/financialcontrol-api/internal/modules/finance/infrastructure/persistence/mssql/installment_repository.go:97.125,101.16 2 1
github.com/jailtonjunior94/financialcontrol-api/internal/modules/finance/infrastructure/persistence/mssql/installment_repository.go:101.16,103.3 1 1
github.com/jailtonjunior94/financialcontrol-api/internal/modules/finance/infrastructure/persistence/mssql/installment_repository.go:104.2,104.34 1 1
github.com/jailtonjunior94/financialcontrol-api/internal/modules/finance/infrastructure/persistence/mssql/installment_repository.go:107.137,111.16 2 1
github.com/jailtonjunior94/financialcontrol-api/internal/modules/finance/infrastructure/persistence/mssql/installment_repository.go:111.16,113.3 1 1
github.com/jailtonjunior94/financialcontrol-api/internal/modules/finance/infrastructure/persistence/mssql/installment_repository.go:114.2,114.34 1 1
github.com/jailtonjunior94/financialcontrol-api/internal/modules/finance/infrastructure/persistence/mssql/installment_repository.go:117.131,122.16 3 1
github.com/jailtonjunior94/financialcontrol-api/internal/modules/finance/infrastructure/persistence/mssql/installment_repository.go:122.16,124.3 1 1
github.com/jailtonjunior94/financialcontrol-api/internal/modules/finance/infrastructure/persistence/mssql/installment_repository.go:125.2,125.23 1 1
github.com/jailtonjunior94/financialcontrol-api/internal/modules/finance/infrastructure/persistence/mssql/installment_repository.go:128.139,136.16 4 1
github.com/jailtonjunior94/financialcontrol-api/internal/modules/finance/infrastructure/persistence/mssql/installment_repository.go:136.16,138.3 1 1
github.com/jailtonjunior94/financialcontrol-api/internal/modules/finance/infrastructure/persistence/mssql/installment_repository.go:139.2,140.16 2 1
github.com/jailtonjunior94/financialcontrol-api/internal/modules/finance/infrastructure/persistence/mssql/installment_repository.go:140.16,142.3 1 0
github.com/jailtonjunior94/financialcontrol-api/internal/modules/finance/infrastructure/persistence/mssql/installment_repository.go:143.2,143.40 1 1
github.com/jailtonjunior94/financialcontrol-api/internal/modules/finance/infrastructure/persistence/mssql/installment_repository.go:146.78,147.109 1 1
github.com/jailtonjunior94/financialcontrol-api/internal/modules/finance/infrastructure/persistence/mssql/installment_repository.go:147.109,154.17 2 1
github.com/jailtonjunior94/financialcontrol-api/internal/modules/finance/infrastructure/persistence/mssql/installment_repository.go:154.17,156.4 1 0
github.com/jailtonjunior94/financialcontrol-api/internal/modules/finance/infrastructure/persistence/mssql/installment_repository.go:157.3,158.17 2 1
github.com/jailtonjunior94/financialcontrol-api/internal/modules/finance/infrastructure/persistence/mssql/installment_repository.go:158.17,160.4 1 0
github.com/jailtonjunior94/financialcontrol-api/internal/modules/finance/infrastructure/persistence/mssql/installment_repository.go:161.3,161.20 1 1
github.com/jailtonjunior94/financialcontrol-api/internal/modules/finance/infrastructure/persistence/mssql/invoice_repository.go:31.64,33.2 1 1
github.com/jailtonjunior94/financialcontrol-api/internal/modules/finance/infrastructure/persistence/mssql/invoice_repository.go:44.30,46.16 2 1
github.com/jailtonjunior94/financialcontrol-api/internal/modules/finance/infrastructure/persistence/mssql/invoice_repository.go:46.16,48.3 1 0
github.com/jailtonjunior94/financialcontrol-api/internal/modules/finance/infrastructure/persistence/mssql/invoice_repository.go:49.2,57.50 3 1
github.com/jailtonjunior94/financialcontrol-api/internal/modules/finance/infrastructure/persistence/mssql/invoice_repository.go:57.50,59.3 1 0
github.com/jailtonjunior94/financialcontrol-api/internal/modules/finance/infrastructure/persistence/mssql/invoice_repository.go:60.2,60.21 1 1
github.com/jailtonjunior94/financialcontrol-api/internal/modules/finance/infrastructure/persistence/mssql/invoice_repository.go:60.21,62.3 1 1
github.com/jailtonjunior94/financialcontrol-api/internal/modules/finance/infrastructure/persistence/mssql/invoice_repository.go:65.2,67.16 3 1
github.com/jailtonjunior94/financialcontrol-api/internal/modules/finance/infrastructure/persistence/mssql/invoice_repository.go:67.16,69.3 1 0
github.com/jailtonjunior94/financialcontrol-api/internal/modules/finance/infrastructure/persistence/mssql/invoice_repository.go:70.2,70.56 1 1
github.com/jailtonjunior94/financialcontrol-api/internal/modules/finance/infrastructure/persistence/mssql/invoice_repository.go:70.56,72.3 1 0
github.com/jailtonjunior94/financialcontrol-api/internal/modules/finance/infrastructure/persistence/mssql/invoice_repository.go:73.2,73.17 1 1
github.com/jailtonjunior94/financialcontrol-api/internal/modules/finance/infrastructure/persistence/mssql/invoice_repository.go:76.129,81.35 2 1
github.com/jailtonjunior94/financialcontrol-api/internal/modules/finance/infrastructure/persistence/mssql/invoice_repository.go:81.35,83.3 1 1
github.com/jailtonjunior94/financialcontrol-api/internal/modules/finance/infrastructure/persistence/mssql/invoice_repository.go:84.2,84.16 1 1
github.com/jailtonjunior94/financialcontrol-api/internal/modules/finance/infrastructure/persistence/mssql/invoice_repository.go:84.16,86.3 1 1
github.com/jailtonjunior94/financialcontrol-api/internal/modules/finance/infrastructure/persistence/mssql/invoice_repository.go:87.2,87.17 1 1
github.com/jailtonjunior94/financialcontrol-api/internal/modules/finance/infrastructure/persistence/mssql/invoice_repository.go:90.141,96.29 3 1
github.com/jailtonjunior94/financialcontrol-api/internal/modules/finance/infrastructure/persistence/mssql/invoice_repository.go:96.29,98.3 1 1
github.com/jailtonjunior94/financialcontrol-api/internal/modules/finance/infrastructure/persistence/mssql/invoice_repository.go:100.2,107.16 4 1
github.com/jailtonjunior94/financialcontrol-api/internal/modules/finance/infrastructure/persistence/mssql/invoice_repository.go:107.16,109.3 1 0
github.com/jailtonjunior94/financialcontrol-api/internal/modules/finance/infrastructure/persistence/mssql/invoice_repository.go:111.2,111.110 1 1
github.com/jailtonjunior94/financialcontrol-api/internal/modules/finance/infrastructure/persistence/mssql/invoice_repository.go:111.110,118.21 2 0
github.com/jailtonjunior94/financialcontrol-api/internal/modules/finance/infrastructure/persistence/mssql/invoice_repository.go:118.21,120.4 1 0
github.com/jailtonjunior94/financialcontrol-api/internal/modules/finance/infrastructure/persistence/mssql/invoice_repository.go:121.3,122.20 2 0
github.com/jailtonjunior94/financialcontrol-api/internal/modules/finance/infrastructure/persistence/mssql/invoice_repository.go:122.20,124.4 1 0
github.com/jailtonjunior94/financialcontrol-api/internal/modules/finance/infrastructure/persistence/mssql/invoice_repository.go:125.3,125.19 1 0
github.com/jailtonjunior94/financialcontrol-api/internal/modules/finance/infrastructure/persistence/mssql/invoice_repository.go:127.2,127.16 1 1
github.com/jailtonjunior94/financialcontrol-api/internal/modules/finance/infrastructure/persistence/mssql/invoice_repository.go:127.16,129.3 1 0
github.com/jailtonjunior94/financialcontrol-api/internal/modules/finance/infrastructure/persistence/mssql/invoice_repository.go:130.2,130.26 1 1
github.com/jailtonjunior94/financialcontrol-api/internal/modules/finance/infrastructure/persistence/mssql/invoice_repository.go:133.86,143.16 2 1
github.com/jailtonjunior94/financialcontrol-api/internal/modules/finance/infrastructure/persistence/mssql/invoice_repository.go:143.16,145.3 1 1
github.com/jailtonjunior94/financialcontrol-api/internal/modules/finance/infrastructure/persistence/mssql/invoice_repository.go:146.2,146.12 1 1
github.com/jailtonjunior94/financialcontrol-api/internal/modules/finance/infrastructure/persistence/mssql/invoice_repository.go:149.149,154.35 2 1
github.com/jailtonjunior94/financialcontrol-api/internal/modules/finance/infrastructure/persistence/mssql/invoice_repository.go:154.35,156.3 1 1
github.com/jailtonjunior94/financialcontrol-api/internal/modules/finance/infrastructure/persistence/mssql/invoice_repository.go:157.2,157.16 1 1
github.com/jailtonjunior94/financialcontrol-api/internal/modules/finance/infrastructure/persistence/mssql/invoice_repository.go:157.16,159.3 1 1
github.com/jailtonjunior94/financialcontrol-api/internal/modules/finance/infrastructure/persistence/mssql/invoice_repository.go:160.2,160.17 1 0
github.com/jailtonjunior94/financialcontrol-api/internal/modules/finance/infrastructure/persistence/mssql/invoice_repository.go:163.130,170.27 3 1
github.com/jailtonjunior94/financialcontrol-api/internal/modules/finance/infrastructure/persistence/mssql/invoice_repository.go:170.27,172.3 1 1
github.com/jailtonjunior94/financialcontrol-api/internal/modules/finance/infrastructure/persistence/mssql/invoice_repository.go:173.2,174.16 2 1
github.com/jailtonjunior94/financialcontrol-api/internal/modules/finance/infrastructure/persistence/mssql/invoice_repository.go:174.16,176.3 1 0
github.com/jailtonjunior94/financialcontrol-api/internal/modules/finance/infrastructure/persistence/mssql/invoice_repository.go:177.2,177.40 1 1
github.com/jailtonjunior94/financialcontrol-api/internal/modules/finance/infrastructure/persistence/mssql/invoice_repository.go:180.129,187.27 3 1
github.com/jailtonjunior94/financialcontrol-api/internal/modules/finance/infrastructure/persistence/mssql/invoice_repository.go:187.27,189.3 1 1
github.com/jailtonjunior94/financialcontrol-api/internal/modules/finance/infrastructure/persistence/mssql/invoice_repository.go:190.2,191.16 2 1
github.com/jailtonjunior94/financialcontrol-api/internal/modules/finance/infrastructure/persistence/mssql/invoice_repository.go:191.16,193.3 1 0
github.com/jailtonjunior94/financialcontrol-api/internal/modules/finance/infrastructure/persistence/mssql/invoice_repository.go:194.2,194.40 1 1
github.com/jailtonjunior94/financialcontrol-api/internal/modules/finance/infrastructure/persistence/mssql/invoice_repository.go:198.86,205.16 2 1
github.com/jailtonjunior94/financialcontrol-api/internal/modules/finance/infrastructure/persistence/mssql/invoice_repository.go:205.16,207.3 1 1
github.com/jailtonjunior94/financialcontrol-api/internal/modules/finance/infrastructure/persistence/mssql/invoice_repository.go:208.2,208.26 1 1
github.com/jailtonjunior94/financialcontrol-api/internal/modules/finance/infrastructure/persistence/mssql/invoice_repository.go:212.93,231.2 2 1
github.com/jailtonjunior94/financialcontrol-api/internal/modules/finance/infrastructure/persistence/mssql/invoice_repository.go:234.91,241.21 5 1
github.com/jailtonjunior94/financialcontrol-api/internal/modules/finance/infrastructure/persistence/mssql/invoice_repository.go:241.21,244.3 2 1
github.com/jailtonjunior94/financialcontrol-api/internal/modules/finance/infrastructure/persistence/mssql/invoice_repository.go:245.2,245.20 1 1
github.com/jailtonjunior94/financialcontrol-api/internal/modules/finance/infrastructure/persistence/mssql/invoice_repository.go:245.20,248.3 2 1
github.com/jailtonjunior94/financialcontrol-api/internal/modules/finance/infrastructure/persistence/mssql/invoice_repository.go:249.2,249.19 1 1
github.com/jailtonjunior94/financialcontrol-api/internal/modules/finance/infrastructure/persistence/mssql/invoice_repository.go:249.19,252.3 2 1
github.com/jailtonjunior94/financialcontrol-api/internal/modules/finance/infrastructure/persistence/mssql/invoice_repository.go:253.2,253.17 1 1
github.com/jailtonjunior94/financialcontrol-api/internal/modules/finance/infrastructure/persistence/mssql/invoice_repository.go:253.17,256.3 2 1
github.com/jailtonjunior94/financialcontrol-api/internal/modules/finance/infrastructure/persistence/mssql/invoice_repository.go:257.2,257.26 1 1
github.com/jailtonjunior94/financialcontrol-api/internal/modules/finance/infrastructure/persistence/mssql/invoice_repository.go:262.95,267.23 4 1
github.com/jailtonjunior94/financialcontrol-api/internal/modules/finance/infrastructure/persistence/mssql/invoice_repository.go:267.23,269.17 2 1
github.com/jailtonjunior94/financialcontrol-api/internal/modules/finance/infrastructure/persistence/mssql/invoice_repository.go:269.17,272.4 2 0
github.com/jailtonjunior94/financialcontrol-api/internal/modules/finance/infrastructure/persistence/mssql/invoice_repository.go:274.2,275.25 2 1
github.com/jailtonjunior94/financialcontrol-api/internal/modules/finance/infrastructure/persistence/mssql/invoice_repository.go:275.25,277.3 1 0
github.com/jailtonjunior94/financialcontrol-api/internal/modules/finance/infrastructure/persistence/mssql/invoice_repository.go:278.2,278.60 1 1
github.com/jailtonjunior94/financialcontrol-api/internal/modules/finance/infrastructure/persistence/mssql/invoice_repository.go:283.153,290.19 5 1
github.com/jailtonjunior94/financialcontrol-api/internal/modules/finance/infrastructure/persistence/mssql/invoice_repository.go:290.19,293.3 2 0
github.com/jailtonjunior94/financialcontrol-api/internal/modules/finance/infrastructure/persistence/mssql/invoice_repository.go:294.2,296.33 3 1
github.com/jailtonjunior94/financialcontrol-api/internal/modules/finance/infrastructure/persistence/mssql/invoice_repository.go:296.33,298.3 1 0
github.com/jailtonjunior94/financialcontrol-api/internal/modules/finance/infrastructure/persistence/mssql/invoice_repository.go:299.2,303.35 3 1
github.com/jailtonjunior94/financialcontrol-api/internal/modules/finance/infrastructure/persistence/mssql/invoice_repository.go:303.35,306.22 3 1
github.com/jailtonjunior94/financialcontrol-api/internal/modules/finance/infrastructure/persistence/mssql/invoice_repository.go:306.22,308.4 1 0
github.com/jailtonjunior94/financialcontrol-api/internal/modules/finance/infrastructure/persistence/mssql/invoice_repository.go:309.3,309.80 1 1
github.com/jailtonjunior94/financialcontrol-api/internal/modules/finance/infrastructure/persistence/mssql/invoice_repository.go:310.8,313.21 3 1
github.com/jailtonjunior94/financialcontrol-api/internal/modules/finance/infrastructure/persistence/mssql/invoice_repository.go:313.21,316.4 2 0
github.com/jailtonjunior94/financialcontrol-api/internal/modules/finance/infrastructure/persistence/mssql/invoice_repository.go:317.3,319.22 3 1
github.com/jailtonjunior94/financialcontrol-api/internal/modules/finance/infrastructure/persistence/mssql/invoice_repository.go:319.22,321.4 1 0
github.com/jailtonjunior94/financialcontrol-api/internal/modules/finance/infrastructure/persistence/mssql/invoice_repository.go:322.3,322.74 1 1
github.com/jailtonjunior94/financialcontrol-api/internal/modules/finance/infrastructure/persistence/mssql/invoice_repository.go:324.2,324.8 1 1
github.com/jailtonjunior94/financialcontrol-api/internal/modules/finance/infrastructure/persistence/mssql/invoice_repository.go:327.73,329.2 1 1
github.com/jailtonjunior94/financialcontrol-api/internal/modules/finance/infrastructure/persistence/mssql/row_mappers.go:70.73,72.16 2 1
github.com/jailtonjunior94/financialcontrol-api/internal/modules/finance/infrastructure/persistence/mssql/row_mappers.go:72.16,74.3 1 0
github.com/jailtonjunior94/financialcontrol-api/internal/modules/finance/infrastructure/persistence/mssql/row_mappers.go:75.2,76.16 2 1
github.com/jailtonjunior94/financialcontrol-api/internal/modules/finance/infrastructure/persistence/mssql/row_mappers.go:76.16,78.3 1 1
github.com/jailtonjunior94/financialcontrol-api/internal/modules/finance/infrastructure/persistence/mssql/row_mappers.go:79.2,80.16 2 1
github.com/jailtonjunior94/financialcontrol-api/internal/modules/finance/infrastructure/persistence/mssql/row_mappers.go:80.16,82.3 1 1
github.com/jailtonjunior94/financialcontrol-api/internal/modules/finance/infrastructure/persistence/mssql/row_mappers.go:83.2,85.16 3 1
github.com/jailtonjunior94/financialcontrol-api/internal/modules/finance/infrastructure/persistence/mssql/row_mappers.go:85.16,87.3 1 1
github.com/jailtonjunior94/financialcontrol-api/internal/modules/finance/infrastructure/persistence/mssql/row_mappers.go:88.2,89.16 2 1
github.com/jailtonjunior94/financialcontrol-api/internal/modules/finance/infrastructure/persistence/mssql/row_mappers.go:89.16,91.3 1 1
github.com/jailtonjunior94/financialcontrol-api/internal/modules/finance/infrastructure/persistence/mssql/row_mappers.go:92.2,93.16 2 1
github.com/jailtonjunior94/financialcontrol-api/internal/modules/finance/infrastructure/persistence/mssql/row_mappers.go:93.16,95.3 1 0
github.com/jailtonjunior94/financialcontrol-api/internal/modules/finance/infrastructure/persistence/mssql/row_mappers.go:96.2,97.16 2 1
github.com/jailtonjunior94/financialcontrol-api/internal/modules/finance/infrastructure/persistence/mssql/row_mappers.go:97.16,99.3 1 0
github.com/jailtonjunior94/financialcontrol-api/internal/modules/finance/infrastructure/persistence/mssql/row_mappers.go:101.2,102.21 2 1
github.com/jailtonjunior94/financialcontrol-api/internal/modules/finance/infrastructure/persistence/mssql/row_mappers.go:102.21,104.18 2 1
github.com/jailtonjunior94/financialcontrol-api/internal/modules/finance/infrastructure/persistence/mssql/row_mappers.go:104.18,106.4 1 0
github.com/jailtonjunior94/financialcontrol-api/internal/modules/finance/infrastructure/persistence/mssql/row_mappers.go:107.3,107.14 1 1
github.com/jailtonjunior94/financialcontrol-api/internal/modules/finance/infrastructure/persistence/mssql/row_mappers.go:110.2,111.28 2 1
github.com/jailtonjunior94/financialcontrol-api/internal/modules/finance/infrastructure/persistence/mssql/row_mappers.go:111.28,113.18 2 1
github.com/jailtonjunior94/financialcontrol-api/internal/modules/finance/infrastructure/persistence/mssql/row_mappers.go:113.18,115.4 1 0
github.com/jailtonjunior94/financialcontrol-api/internal/modules/finance/infrastructure/persistence/mssql/row_mappers.go:116.3,116.16 1 1
github.com/jailtonjunior94/financialcontrol-api/internal/modules/finance/infrastructure/persistence/mssql/row_mappers.go:119.2,120.36 2 1
github.com/jailtonjunior94/financialcontrol-api/internal/modules/finance/infrastructure/persistence/mssql/row_mappers.go:120.36,122.18 2 0
github.com/jailtonjunior94/financialcontrol-api/internal/modules/finance/infrastructure/persistence/mssql/row_mappers.go:122.18,124.4 1 0
github.com/jailtonjunior94/financialcontrol-api/internal/modules/finance/infrastructure/persistence/mssql/row_mappers.go:125.3,125.16 1 0
github.com/jailtonjunior94/financialcontrol-api/internal/modules/finance/infrastructure/persistence/mssql/row_mappers.go:128.2,132.8 1 1
github.com/jailtonjunior94/financialcontrol-api/internal/modules/finance/infrastructure/persistence/mssql/row_mappers.go:136.61,138.16 2 1
github.com/jailtonjunior94/financialcontrol-api/internal/modules/finance/infrastructure/persistence/mssql/row_mappers.go:138.16,140.3 1 0
github.com/jailtonjunior94/financialcontrol-api/internal/modules/finance/infrastructure/persistence/mssql/row_mappers.go:141.2,142.16 2 1
github.com/jailtonjunior94/financialcontrol-api/internal/modules/finance/infrastructure/persistence/mssql/row_mappers.go:142.16,144.3 1 0
github.com/jailtonjunior94/financialcontrol-api/internal/modules/finance/infrastructure/persistence/mssql/row_mappers.go:145.2,146.16 2 1
github.com/jailtonjunior94/financialcontrol-api/internal/modules/finance/infrastructure/persistence/mssql/row_mappers.go:146.16,148.3 1 0
github.com/jailtonjunior94/financialcontrol-api/internal/modules/finance/infrastructure/persistence/mssql/row_mappers.go:149.2,150.16 2 1
github.com/jailtonjunior94/financialcontrol-api/internal/modules/finance/infrastructure/persistence/mssql/row_mappers.go:150.16,152.3 1 1
github.com/jailtonjunior94/financialcontrol-api/internal/modules/finance/infrastructure/persistence/mssql/row_mappers.go:153.2,154.16 2 1
github.com/jailtonjunior94/financialcontrol-api/internal/modules/finance/infrastructure/persistence/mssql/row_mappers.go:154.16,156.3 1 0
github.com/jailtonjunior94/financialcontrol-api/internal/modules/finance/infrastructure/persistence/mssql/row_mappers.go:157.2,164.8 2 1
github.com/jailtonjunior94/financialcontrol-api/internal/modules/finance/infrastructure/persistence/mssql/row_mappers.go:168.73,170.16 2 1
github.com/jailtonjunior94/financialcontrol-api/internal/modules/finance/infrastructure/persistence/mssql/row_mappers.go:170.16,172.3 1 0
github.com/jailtonjunior94/financialcontrol-api/internal/modules/finance/infrastructure/persistence/mssql/row_mappers.go:173.2,174.16 2 1
github.com/jailtonjunior94/financialcontrol-api/internal/modules/finance/infrastructure/persistence/mssql/row_mappers.go:174.16,176.3 1 0
github.com/jailtonjunior94/financialcontrol-api/internal/modules/finance/infrastructure/persistence/mssql/row_mappers.go:177.2,178.16 2 1
github.com/jailtonjunior94/financialcontrol-api/internal/modules/finance/infrastructure/persistence/mssql/row_mappers.go:178.16,180.3 1 0
github.com/jailtonjunior94/financialcontrol-api/internal/modules/finance/infrastructure/persistence/mssql/row_mappers.go:181.2,182.16 2 1
github.com/jailtonjunior94/financialcontrol-api/internal/modules/finance/infrastructure/persistence/mssql/row_mappers.go:182.16,184.3 1 1
github.com/jailtonjunior94/financialcontrol-api/internal/modules/finance/infrastructure/persistence/mssql/row_mappers.go:185.2,186.16 2 1
github.com/jailtonjunior94/financialcontrol-api/internal/modules/finance/infrastructure/persistence/mssql/row_mappers.go:186.16,188.3 1 0
github.com/jailtonjunior94/financialcontrol-api/internal/modules/finance/infrastructure/persistence/mssql/row_mappers.go:189.2,190.16 2 1
github.com/jailtonjunior94/financialcontrol-api/internal/modules/finance/infrastructure/persistence/mssql/row_mappers.go:190.16,192.3 1 0
github.com/jailtonjunior94/financialcontrol-api/internal/modules/finance/infrastructure/persistence/mssql/row_mappers.go:193.2,195.16 3 1
github.com/jailtonjunior94/financialcontrol-api/internal/modules/finance/infrastructure/persistence/mssql/row_mappers.go:195.16,197.3 1 1
github.com/jailtonjunior94/financialcontrol-api/internal/modules/finance/infrastructure/persistence/mssql/row_mappers.go:199.2,203.8 1 1
github.com/jailtonjunior94/financialcontrol-api/internal/modules/finance/infrastructure/persistence/mssql/transaction_repository.go:30.72,32.2 1 1
github.com/jailtonjunior94/financialcontrol-api/internal/modules/finance/infrastructure/persistence/mssql/transaction_repository.go:34.89,53.16 2 1
github.com/jailtonjunior94/financialcontrol-api/internal/modules/finance/infrastructure/persistence/mssql/transaction_repository.go:53.16,55.3 1 1
github.com/jailtonjunior94/financialcontrol-api/internal/modules/finance/infrastructure/persistence/mssql/transaction_repository.go:56.2,56.12 1 1
github.com/jailtonjunior94/financialcontrol-api/internal/modules/finance/infrastructure/persistence/mssql/transaction_repository.go:59.92,75.16 2 1
github.com/jailtonjunior94/financialcontrol-api/internal/modules/finance/infrastructure/persistence/mssql/transaction_repository.go:75.16,77.3 1 1
github.com/jailtonjunior94/financialcontrol-api/internal/modules/finance/infrastructure/persistence/mssql/transaction_repository.go:78.2,78.12 1 1
github.com/jailtonjunior94/financialcontrol-api/internal/modules/finance/infrastructure/persistence/mssql/transaction_repository.go:81.141,92.35 3 1
github.com/jailtonjunior94/financialcontrol-api/internal/modules/finance/infrastructure/persistence/mssql/transaction_repository.go:92.35,94.3 1 1
github.com/jailtonjunior94/financialcontrol-api/internal/modules/finance/infrastructure/persistence/mssql/transaction_repository.go:95.2,95.16 1 1
github.com/jailtonjunior94/financialcontrol-api/internal/modules/finance/infrastructure/persistence/mssql/transaction_repository.go:95.16,97.3 1 1
github.com/jailtonjunior94/financialcontrol-api/internal/modules/finance/infrastructure/persistence/mssql/transaction_repository.go:98.2,99.16 2 1
github.com/jailtonjunior94/financialcontrol-api/internal/modules/finance/infrastructure/persistence/mssql/transaction_repository.go:99.16,101.3 1 0
github.com/jailtonjunior94/financialcontrol-api/internal/modules/finance/infrastructure/persistence/mssql/transaction_repository.go:102.2,102.16 1 1
github.com/jailtonjunior94/financialcontrol-api/internal/modules/finance/infrastructure/persistence/mssql/transaction_repository.go:107.153,113.80 4 1
github.com/jailtonjunior94/financialcontrol-api/internal/modules/finance/infrastructure/persistence/mssql/transaction_repository.go:113.80,115.3 1 1
github.com/jailtonjunior94/financialcontrol-api/internal/modules/finance/infrastructure/persistence/mssql/transaction_repository.go:118.2,126.16 4 1
github.com/jailtonjunior94/financialcontrol-api/internal/modules/finance/infrastructure/persistence/mssql/transaction_repository.go:126.16,128.3 1 1
github.com/jailtonjunior94/financialcontrol-api/internal/modules/finance/infrastructure/persistence/mssql/transaction_repository.go:130.2,130.116 1 1
github.com/jailtonjunior94/financialcontrol-api/internal/modules/finance/infrastructure/persistence/mssql/transaction_repository.go:130.116,137.21 2 1
github.com/jailtonjunior94/financialcontrol-api/internal/modules/finance/infrastructure/persistence/mssql/transaction_repository.go:137.21,139.4 1 0
github.com/jailtonjunior94/financialcontrol-api/internal/modules/finance/infrastructure/persistence/mssql/transaction_repository.go:140.3,141.20 2 1
github.com/jailtonjunior94/financialcontrol-api/internal/modules/finance/infrastructure/persistence/mssql/transaction_repository.go:141.20,143.4 1 0
github.com/jailtonjunior94/financialcontrol-api/internal/modules/finance/infrastructure/persistence/mssql/transaction_repository.go:144.3,144.18 1 1
github.com/jailtonjunior94/financialcontrol-api/internal/modules/finance/infrastructure/persistence/mssql/transaction_repository.go:146.2,146.16 1 1
github.com/jailtonjunior94/financialcontrol-api/internal/modules/finance/infrastructure/persistence/mssql/transaction_repository.go:146.16,148.3 1 0
github.com/jailtonjunior94/financialcontrol-api/internal/modules/finance/infrastructure/persistence/mssql/transaction_repository.go:149.2,149.26 1 1
github.com/jailtonjunior94/financialcontrol-api/internal/modules/finance/infrastructure/persistence/mssql/transaction_repository.go:152.110,159.16 2 1
github.com/jailtonjunior94/financialcontrol-api/internal/modules/finance/infrastructure/persistence/mssql/transaction_repository.go:159.16,161.3 1 1
github.com/jailtonjunior94/financialcontrol-api/internal/modules/finance/infrastructure/persistence/mssql/transaction_repository.go:162.2,162.12 1 1
github.com/jailtonjunior94/financialcontrol-api/internal/modules/finance/infrastructure/persistence/mssql/transaction_repository.go:165.141,171.16 3 1
github.com/jailtonjunior94/financialcontrol-api/internal/modules/finance/infrastructure/persistence/mssql/transaction_repository.go:171.16,173.3 1 1
github.com/jailtonjunior94/financialcontrol-api/internal/modules/finance/infrastructure/persistence/mssql/transaction_repository.go:174.2,174.23 1 1
github.com/jailtonjunior94/financialcontrol-api/internal/modules/finance/infrastructure/persistence/mssql/transaction_repository.go:177.146,185.16 4 1
github.com/jailtonjunior94/financialcontrol-api/internal/modules/finance/infrastructure/persistence/mssql/transaction_repository.go:185.16,187.3 1 1
github.com/jailtonjunior94/financialcontrol-api/internal/modules/finance/infrastructure/persistence/mssql/transaction_repository.go:188.2,189.16 2 1
github.com/jailtonjunior94/financialcontrol-api/internal/modules/finance/infrastructure/persistence/mssql/transaction_repository.go:189.16,191.3 1 0
github.com/jailtonjunior94/financialcontrol-api/internal/modules/finance/infrastructure/persistence/mssql/transaction_repository.go:192.2,193.16 2 1
github.com/jailtonjunior94/financialcontrol-api/internal/modules/finance/infrastructure/persistence/mssql/transaction_repository.go:193.16,195.3 1 0
github.com/jailtonjunior94/financialcontrol-api/internal/modules/finance/infrastructure/persistence/mssql/transaction_repository.go:196.2,197.16 2 1
github.com/jailtonjunior94/financialcontrol-api/internal/modules/finance/infrastructure/persistence/mssql/transaction_repository.go:197.16,199.3 1 0
github.com/jailtonjunior94/financialcontrol-api/internal/modules/finance/infrastructure/persistence/mssql/transaction_repository.go:200.2,201.16 2 1
github.com/jailtonjunior94/financialcontrol-api/internal/modules/finance/infrastructure/persistence/mssql/transaction_repository.go:201.16,203.3 1 0
github.com/jailtonjunior94/financialcontrol-api/internal/modules/finance/infrastructure/persistence/mssql/transaction_repository.go:204.2,209.8 1 1
github.com/jailtonjunior94/financialcontrol-api/internal/modules/finance/infrastructure/persistence/mssql/transaction_repository.go:214.99,221.19 5 1
github.com/jailtonjunior94/financialcontrol-api/internal/modules/finance/infrastructure/persistence/mssql/transaction_repository.go:221.19,224.3 2 1
github.com/jailtonjunior94/financialcontrol-api/internal/modules/finance/infrastructure/persistence/mssql/transaction_repository.go:225.2,225.17 1 1
github.com/jailtonjunior94/financialcontrol-api/internal/modules/finance/infrastructure/persistence/mssql/transaction_repository.go:225.17,228.3 2 1
github.com/jailtonjunior94/financialcontrol-api/internal/modules/finance/infrastructure/persistence/mssql/transaction_repository.go:229.2,229.30 1 1
github.com/jailtonjunior94/financialcontrol-api/internal/modules/finance/infrastructure/persistence/mssql/transaction_repository.go:229.30,232.3 2 1
github.com/jailtonjunior94/financialcontrol-api/internal/modules/finance/infrastructure/persistence/mssql/transaction_repository.go:233.2,233.28 1 1
github.com/jailtonjunior94/financialcontrol-api/internal/modules/finance/infrastructure/persistence/mssql/transaction_repository.go:233.28,236.3 2 1
github.com/jailtonjunior94/financialcontrol-api/internal/modules/finance/infrastructure/persistence/mssql/transaction_repository.go:237.2,237.21 1 1
github.com/jailtonjunior94/financialcontrol-api/internal/modules/finance/infrastructure/persistence/mssql/transaction_repository.go:237.21,240.3 2 1
github.com/jailtonjunior94/financialcontrol-api/internal/modules/finance/infrastructure/persistence/mssql/transaction_repository.go:241.2,241.25 1 1
github.com/jailtonjunior94/financialcontrol-api/internal/modules/finance/infrastructure/persistence/mssql/transaction_repository.go:241.25,244.3 2 1
github.com/jailtonjunior94/financialcontrol-api/internal/modules/finance/infrastructure/persistence/mssql/transaction_repository.go:245.2,245.33 1 1
github.com/jailtonjunior94/financialcontrol-api/internal/modules/finance/infrastructure/persistence/mssql/transaction_repository.go:245.33,248.3 2 1
github.com/jailtonjunior94/financialcontrol-api/internal/modules/finance/infrastructure/persistence/mssql/transaction_repository.go:249.2,249.32 1 1
github.com/jailtonjunior94/financialcontrol-api/internal/modules/finance/infrastructure/persistence/mssql/transaction_repository.go:249.32,256.3 2 1
github.com/jailtonjunior94/financialcontrol-api/internal/modules/finance/infrastructure/persistence/mssql/transaction_repository.go:258.2,258.26 1 1
github.com/jailtonjunior94/financialcontrol-api/internal/modules/finance/infrastructure/persistence/mssql/transaction_repository.go:262.44,263.14 1 1
github.com/jailtonjunior94/financialcontrol-api/internal/modules/finance/infrastructure/persistence/mssql/transaction_repository.go:263.14,265.3 1 1
github.com/jailtonjunior94/financialcontrol-api/internal/modules/finance/infrastructure/persistence/mssql/transaction_repository.go:266.2,266.11 1 0
github.com/jailtonjunior94/financialcontrol-api/internal/modules/finance/infrastructure/persistence/mssql/transaction_repository.go:269.39,270.14 1 1
github.com/jailtonjunior94/financialcontrol-api/internal/modules/finance/infrastructure/persistence/mssql/transaction_repository.go:270.14,272.3 1 1
github.com/jailtonjunior94/financialcontrol-api/internal/modules/finance/infrastructure/persistence/mssql/transaction_repository.go:273.2,274.11 2 0
github.com/jailtonjunior94/financialcontrol-api/internal/modules/finance/infrastructure/persistence/mssql/transaction_repository.go:277.47,278.14 1 1
github.com/jailtonjunior94/financialcontrol-api/internal/modules/finance/infrastructure/persistence/mssql/transaction_repository.go:278.14,280.3 1 1
github.com/jailtonjunior94/financialcontrol-api/internal/modules/finance/infrastructure/persistence/mssql/transaction_repository.go:281.2,282.11 2 0
github.com/jailtonjunior94/financialcontrol-api/internal/modules/finance/infrastructure/persistence/mssql/transaction_repository.go:285.53,286.14 1 1
github.com/jailtonjunior94/financialcontrol-api/internal/modules/finance/infrastructure/persistence/mssql/transaction_repository.go:286.14,288.3 1 1
github.com/jailtonjunior94/financialcontrol-api/internal/modules/finance/infrastructure/persistence/mssql/transaction_repository.go:289.2,290.11 2 0
github.com/jailtonjunior94/financialcontrol-api/internal/modules/finance/infrastructure/providers/card_provider_adapter.go:26.87,28.2 1 1
github.com/jailtonjunior94/financialcontrol-api/internal/modules/finance/infrastructure/providers/card_provider_adapter.go:34.33,36.16 2 1
github.com/jailtonjunior94/financialcontrol-api/internal/modules/finance/infrastructure/providers/card_provider_adapter.go:36.16,38.3 1 0
github.com/jailtonjunior94/financialcontrol-api/internal/modules/finance/infrastructure/providers/card_provider_adapter.go:40.2,41.49 2 1
github.com/jailtonjunior94/financialcontrol-api/internal/modules/finance/infrastructure/providers/card_provider_adapter.go:41.49,43.3 1 1
github.com/jailtonjunior94/financialcontrol-api/internal/modules/finance/infrastructure/providers/card_provider_adapter.go:44.2,44.16 1 1
github.com/jailtonjunior94/financialcontrol-api/internal/modules/finance/infrastructure/providers/card_provider_adapter.go:44.16,46.3 1 1
github.com/jailtonjunior94/financialcontrol-api/internal/modules/finance/infrastructure/providers/card_provider_adapter.go:48.2,49.32 2 1
github.com/jailtonjunior94/financialcontrol-api/internal/modules/finance/infrastructure/providers/card_provider_adapter.go:49.32,51.3 1 1
github.com/jailtonjunior94/financialcontrol-api/internal/modules/finance/infrastructure/providers/card_provider_adapter.go:53.2,61.8 1 1
github.com/jailtonjunior94/financialcontrol-api/internal/modules/finance/infrastructure/providers/category_provider_adapter.go:26.104,28.2 1 1
github.com/jailtonjunior94/financialcontrol-api/internal/modules/finance/infrastructure/providers/category_provider_adapter.go:34.37,36.16 2 1
github.com/jailtonjunior94/financialcontrol-api/internal/modules/finance/infrastructure/providers/category_provider_adapter.go:36.16,38.3 1 0
github.com/jailtonjunior94/financialcontrol-api/internal/modules/finance/infrastructure/providers/category_provider_adapter.go:40.2,41.58 2 1
github.com/jailtonjunior94/financialcontrol-api/internal/modules/finance/infrastructure/providers/category_provider_adapter.go:41.58,43.3 1 1
github.com/jailtonjunior94/financialcontrol-api/internal/modules/finance/infrastructure/providers/category_provider_adapter.go:44.2,44.16 1 1
github.com/jailtonjunior94/financialcontrol-api/internal/modules/finance/infrastructure/providers/category_provider_adapter.go:44.16,46.3 1 1
github.com/jailtonjunior94/financialcontrol-api/internal/modules/finance/infrastructure/providers/category_provider_adapter.go:48.2,54.8 1 1
